{
  "relu2_s1t0_muon": [
    {
      "val_loss": [
        [
          0,
          351.7562545776367
        ],
        [
          100,
          89.50002365112304
        ],
        [
          200,
          31.130888366699217
        ],
        [
          300,
          18.67884397506714
        ],
        [
          400,
          12.039095735549926
        ],
        [
          500,
          9.760894966125488
        ],
        [
          600,
          8.607383012771606
        ],
        [
          700,
          8.169924688339233
        ],
        [
          800,
          7.953181195259094
        ],
        [
          900,
          7.795165634155273
        ],
        [
          999,
          7.804388809204101
        ]
      ],
      "trilu_params": [],
      "dead_zones": [
        [
          0,
          [
            [
              "blocks.0.mlp",
              0.5005805492401123
            ],
            [
              "blocks.1.mlp",
              0.5004359483718872
            ],
            [
              "blocks.2.mlp",
              0.4983457028865814
            ],
            [
              "blocks.3.mlp",
              0.4957883358001709
            ],
            [
              "blocks.4.mlp",
              0.5010108947753906
            ],
            [
              "blocks.5.mlp",
              0.49627456068992615
            ],
            [
              "blocks.6.mlp",
              0.4957445561885834
            ],
            [
              "blocks.7.mlp",
              0.5023521184921265
            ],
            [
              "blocks.8.mlp",
              0.5023440718650818
            ],
            [
              "blocks.9.mlp",
              0.5020555257797241
            ],
            [
              "blocks.10.mlp",
              0.5022025108337402
            ],
            [
              "blocks.11.mlp",
              0.49536818265914917
            ]
          ]
        ],
        [
          100,
          [
            [
              "blocks.0.mlp",
              0.5001369118690491
            ],
            [
              "blocks.1.mlp",
              0.4971630275249481
            ],
            [
              "blocks.2.mlp",
              0.4941486120223999
            ],
            [
              "blocks.3.mlp",
              0.4898926019668579
            ],
            [
              "blocks.4.mlp",
              0.49356430768966675
            ],
            [
              "blocks.5.mlp",
              0.48839372396469116
            ],
            [
              "blocks.6.mlp",
              0.4843024015426636
            ],
            [
              "blocks.7.mlp",
              0.4941743314266205
            ],
            [
              "blocks.8.mlp",
              0.4957626461982727
            ],
            [
              "blocks.9.mlp",
              0.4907836318016052
            ],
            [
              "blocks.10.mlp",
              0.4858701229095459
            ],
            [
              "blocks.11.mlp",
              0.4857524335384369
            ]
          ]
        ],
        [
          200,
          [
            [
              "blocks.0.mlp",
              0.49834537506103516
            ],
            [
              "blocks.1.mlp",
              0.4738326072692871
            ],
            [
              "blocks.2.mlp",
              0.45770263671875
            ],
            [
              "blocks.3.mlp",
              0.45189112424850464
            ],
            [
              "blocks.4.mlp",
              0.44992464780807495
            ],
            [
              "blocks.5.mlp",
              0.45053645968437195
            ],
            [
              "blocks.6.mlp",
              0.46984586119651794
            ],
            [
              "blocks.7.mlp",
              0.47367891669273376
            ],
            [
              "blocks.8.mlp",
              0.490273654460907
            ],
            [
              "blocks.9.mlp",
              0.4836967885494232
            ],
            [
              "blocks.10.mlp",
              0.4872138500213623
            ],
            [
              "blocks.11.mlp",
              0.48192867636680603
            ]
          ]
        ],
        [
          300,
          [
            [
              "blocks.0.mlp",
              0.49824151396751404
            ],
            [
              "blocks.1.mlp",
              0.4663984775543213
            ],
            [
              "blocks.2.mlp",
              0.43455609679222107
            ],
            [
              "blocks.3.mlp",
              0.4150279462337494
            ],
            [
              "blocks.4.mlp",
              0.420996755361557
            ],
            [
              "blocks.5.mlp",
              0.4283938407897949
            ],
            [
              "blocks.6.mlp",
              0.4517223536968231
            ],
            [
              "blocks.7.mlp",
              0.46737968921661377
            ],
            [
              "blocks.8.mlp",
              0.4817299544811249
            ],
            [
              "blocks.9.mlp",
              0.481931209564209
            ],
            [
              "blocks.10.mlp",
              0.4788675308227539
            ],
            [
              "blocks.11.mlp",
              0.4823082387447357
            ]
          ]
        ],
        [
          400,
          [
            [
              "blocks.0.mlp",
              0.4991771876811981
            ],
            [
              "blocks.1.mlp",
              0.4801941514015198
            ],
            [
              "blocks.2.mlp",
              0.444906085729599
            ],
            [
              "blocks.3.mlp",
              0.4023631513118744
            ],
            [
              "blocks.4.mlp",
              0.40278133749961853
            ],
            [
              "blocks.5.mlp",
              0.41689610481262207
            ],
            [
              "blocks.6.mlp",
              0.442269504070282
            ],
            [
              "blocks.7.mlp",
              0.4623064696788788
            ],
            [
              "blocks.8.mlp",
              0.47273939847946167
            ],
            [
              "blocks.9.mlp",
              0.47335338592529297
            ],
            [
              "blocks.10.mlp",
              0.4712788760662079
            ],
            [
              "blocks.11.mlp",
              0.4814393222332001
            ]
          ]
        ],
        [
          500,
          [
            [
              "blocks.0.mlp",
              0.5001822710037231
            ],
            [
              "blocks.1.mlp",
              0.4921497702598572
            ],
            [
              "blocks.2.mlp",
              0.4655076265335083
            ],
            [
              "blocks.3.mlp",
              0.40117138624191284
            ],
            [
              "blocks.4.mlp",
              0.3953777551651001
            ],
            [
              "blocks.5.mlp",
              0.40815794467926025
            ],
            [
              "blocks.6.mlp",
              0.43835991621017456
            ],
            [
              "blocks.7.mlp",
              0.4576922059059143
            ],
            [
              "blocks.8.mlp",
              0.4664774537086487
            ],
            [
              "blocks.9.mlp",
              0.4717155396938324
            ],
            [
              "blocks.10.mlp",
              0.4689209461212158
            ],
            [
              "blocks.11.mlp",
              0.47343915700912476
            ]
          ]
        ],
        [
          600,
          [
            [
              "blocks.0.mlp",
              0.5007787942886353
            ],
            [
              "blocks.1.mlp",
