{
  "bilinear_muon": [
    {
      "val_loss": [
        [
          0,
          488.80186920166017
        ],
        [
          100,
          44.08948860168457
        ],
        [
          200,
          28.748072719573976
        ],
        [
          300,
          18.159471893310545
        ],
        [
          400,
          12.176431512832641
        ],
        [
          500,
          9.86472783088684
        ],
        [
          600,
          8.73568229675293
        ],
        [
          700,
          8.256383395195007
        ],
        [
          800,
          8.02386109828949
        ],
        [
          900,
          7.855815768241882
        ],
        [
          999,
          7.837106943130493
        ]
      ],
      "trilu_params": [],
      "dead_zones": [
        [
          0,
          [
            [
              "blocks.0.mlp",
              0.0017823278903961182
            ],
            [
              "blocks.1.mlp",
              0.001758664846420288
            ],
            [
              "blocks.2.mlp",
              0.0017578303813934326
            ],
            [
              "blocks.3.mlp",
              0.0017573535442352295
            ],
            [
              "blocks.4.mlp",
              0.001757979393005371
            ],
            [
              "blocks.5.mlp",
              0.0017598271369934082
            ],
            [
              "blocks.6.mlp",
              0.0017599761486053467
            ],
            [
              "blocks.7.mlp",
              0.001768559217453003
            ],
            [
              "blocks.8.mlp",
              0.0017548203468322754
            ],
            [
              "blocks.9.mlp",
              0.0017574727535247803
            ],
            [
              "blocks.10.mlp",
              0.0017552375793457031
            ],
            [
              "blocks.11.mlp",
              0.0017590522766113281
            ]
          ]
        ],
        [
          100,
          [
            [
              "blocks.0.mlp",
              0.0015821456909179688
            ],
            [
              "blocks.1.mlp",
              0.0013793110847473145
            ],
            [
              "blocks.2.mlp",
              0.0013793110847473145
            ],
            [
              "blocks.3.mlp",
              0.0012514591217041016
            ],
            [
              "blocks.4.mlp",
              0.0013508200645446777
            ],
            [
              "blocks.5.mlp",
              0.0012731850147247314
            ],
            [
              "blocks.6.mlp",
              0.0013691186904907227
            ],
            [
              "blocks.7.mlp",
              0.0012595951557159424
            ],
            [
              "blocks.8.mlp",
              0.0013331472873687744
            ],
            [
              "blocks.9.mlp",
              0.001627206802368164
            ],
            [
              "blocks.10.mlp",
              0.001362532377243042
            ],
            [
              "blocks.11.mlp",
              0.001262575387954712
            ]
          ]
        ],
        [
          200,
          [
            [
              "blocks.0.mlp",
              0.0008295774459838867
            ],
            [
              "blocks.1.mlp",
              0.0009230375289916992
            ],
            [
              "blocks.2.mlp",
              0.0009310245513916016
            ],
            [
              "blocks.3.mlp",
              0.0008773505687713623
            ],
            [
              "blocks.4.mlp",
              0.0010364055633544922
            ],
            [
              "blocks.5.mlp",
              0.0011120140552520752
            ],
            [
              "blocks.6.mlp",
              0.0010425150394439697
            ],
            [
              "blocks.7.mlp",
              0.001133650541305542
            ],
            [
              "blocks.8.mlp",
              0.0009455084800720215
            ],
            [
              "blocks.9.mlp",
              0.0011035799980163574
            ],
            [
              "blocks.10.mlp",
              0.0013072490692138672
            ],
            [
              "blocks.11.mlp",
              0.001419663429260254
            ]
          ]
        ],
        [
          300,
          [
            [
              "blocks.0.mlp",
              0.0005685389041900635
            ],
            [
              "blocks.1.mlp",
              0.0013426244258880615
            ],
            [
              "blocks.2.mlp",
              0.0011361241340637207
            ],
            [
              "blocks.3.mlp",
              0.0006847381591796875
            ],
            [
              "blocks.4.mlp",
              0.0006792843341827393
            ],
            [
              "blocks.5.mlp",
              0.0007097423076629639
            ],
            [
              "blocks.6.mlp",
              0.0007222294807434082
            ],
            [
              "blocks.7.mlp",
              0.0007515251636505127
            ],
            [
              "blocks.8.mlp",
              0.0007677972316741943
            ],
            [
              "blocks.9.mlp",
              0.0010733306407928467
            ],
            [
              "blocks.10.mlp",
              0.001175016164779663
            ],
            [
              "blocks.11.mlp",
              0.0009364485740661621
            ]
          ]
        ],
        [
          400,
          [
            [
              "blocks.0.mlp",
              0.00049629807472229
            ],
            [
              "blocks.1.mlp",
              0.0013821423053741455
            ],
            [
              "blocks.2.mlp",
              0.0016672611236572266
            ],
            [
              "blocks.3.mlp",
              0.0005730390548706055
            ],
            [
              "blocks.4.mlp",
              0.0005959868431091309
            ],
            [
              "blocks.5.mlp",
              0.0005657076835632324
            ],
            [
              "blocks.6.mlp",
              0.0008361637592315674
            ],
            [
              "blocks.7.mlp",
              0.0006982088088989258
            ],
            [
              "blocks.8.mlp",
              0.0008729100227355957
            ],
            [
              "blocks.9.mlp",
              0.0008305013179779053
            ],
            [
              "blocks.10.mlp",
              0.0009672939777374268
            ],
            [
              "blocks.11.mlp",
              0.000792384147644043
            ]
          ]
        ],
        [
          500,
          [
            [
              "blocks.0.mlp",
              0.0004924535751342773
            ],
            [
              "blocks.1.mlp",
              0.0012779533863067627
            ],
            [
              "blocks.2.mlp",
              0.001932978630065918
            ],
            [
              "blocks.3.mlp",
              0.0005315244197845459
            ],
            [
              "blocks.4.mlp",
              0.0005273222923278809
            ],
            [
              "blocks.5.mlp",
              0.0004852414131164551
            ],
            [
              "blocks.6.mlp",
              0.000744253396987915
            ],
            [
              "blocks.7.mlp",
              0.0007141232490539551
            ],
            [
              "blocks.8.mlp",
              0.0006735920906066895
            ],
            [
              "blocks.9.mlp",
              0.000997096300125122
            ],
            [
              "blocks.10.mlp",
              0.0009586215019226074
            ],
            [
              "blocks.11.mlp",
              0.0008342862129211426
            ]
          ]
        ],
