{
  "relu2_s1t0_muon": [
    {
      "val_loss": [
        [
          0,
          351.6864242553711
        ],
        [
          100,
          54.843485832214355
        ],
        [
          200,
          28.96643657684326
        ],
        [
          300,
          17.86451358795166
        ],
        [
          400,
          11.801409769058228
        ],
        [
          500,
          9.65013771057129
        ],
        [
          600,
          8.530557489395141
        ],
        [
          700,
          8.09102566242218
        ],
        [
          800,
          7.867128825187683
        ],
        [
          900,
          7.71195158958435
        ],
        [
          999,
          7.720364236831665
        ]
      ],
      "trilu_params": [],
      "dead_zones": [
        [
          0,
          [
            [
              "blocks.0.mlp",
              0.5005797743797302
            ],
            [
              "blocks.1.mlp",
              0.5004390478134155
            ],
            [
              "blocks.2.mlp",
              0.498344361782074
            ],
            [
              "blocks.3.mlp",
              0.49579137563705444
            ],
            [
              "blocks.4.mlp",
              0.501008152961731
            ],
            [
              "blocks.5.mlp",
              0.4962758421897888
            ],
            [
              "blocks.6.mlp",
              0.49574193358421326
            ],
            [
              "blocks.7.mlp",
              0.5023543238639832
            ],
            [
              "blocks.8.mlp",
              0.5023500323295593
            ],
            [
              "blocks.9.mlp",
              0.502056360244751
            ],
            [
              "blocks.10.mlp",
              0.5021959543228149
            ],
            [
              "blocks.11.mlp",
              0.49536749720573425
            ]
          ]
        ],
        [
          100,
          [
            [
              "blocks.0.mlp",
              0.500292181968689
            ],
            [
              "blocks.1.mlp",
              0.4935891032218933
            ],
            [
              "blocks.2.mlp",
              0.48875078558921814
            ],
            [
              "blocks.3.mlp",
              0.48536843061447144
            ],
            [
              "blocks.4.mlp",
              0.4801545739173889
            ],
            [
              "blocks.5.mlp",
              0.4822441339492798
            ],
            [
              "blocks.6.mlp",
              0.48309773206710815
            ],
            [
              "blocks.7.mlp",
              0.4907533824443817
            ],
            [
              "blocks.8.mlp",
              0.4956777095794678
            ],
            [
              "blocks.9.mlp",
              0.4914385676383972
            ],
            [
              "blocks.10.mlp",
              0.48645204305648804
            ],
            [
              "blocks.11.mlp",
              0.48275089263916016
            ]
          ]
        ],
        [
          200,
          [
            [
              "blocks.0.mlp",
              0.5018611550331116
            ],
            [
              "blocks.1.mlp",
              0.46749722957611084
            ],
            [
              "blocks.2.mlp",
              0.4377221465110779
            ],
            [
              "blocks.3.mlp",
              0.4225303530693054
            ],
            [
              "blocks.4.mlp",
              0.4357766807079315
            ],
            [
              "blocks.5.mlp",
              0.4371309280395508
            ],
            [
              "blocks.6.mlp",
              0.45865458250045776
            ],
            [
              "blocks.7.mlp",
              0.46710896492004395
            ],
            [
              "blocks.8.mlp",
              0.48628944158554077
            ],
            [
              "blocks.9.mlp",
              0.48631390929222107
            ],
            [
              "blocks.10.mlp",
              0.48493239283561707
            ],
            [
              "blocks.11.mlp",
              0.48487699031829834
            ]
          ]
        ],
        [
          300,
          [
            [
              "blocks.0.mlp",
              0.5083473920822144
            ],
            [
              "blocks.1.mlp",
              0.5070618987083435
            ],
            [
              "blocks.2.mlp",
              0.43948039412498474
            ],
            [
              "blocks.3.mlp",
              0.3908047676086426
            ],
            [
              "blocks.4.mlp",
              0.40166163444519043
            ],
            [
              "blocks.5.mlp",
              0.41185006499290466
            ],
            [
              "blocks.6.mlp",
              0.44107696413993835
            ],
            [
              "blocks.7.mlp",
              0.4522641599178314
            ],
            [
              "blocks.8.mlp",
              0.46858835220336914
            ],
            [
              "blocks.9.mlp",
              0.47017771005630493
            ],
            [
              "blocks.10.mlp",
              0.4709925353527069
            ],
            [
              "blocks.11.mlp",
              0.47570544481277466
            ]
          ]
        ],
        [
          400,
          [
            [
              "blocks.0.mlp",
              0.5154404640197754
            ],
            [
              "blocks.1.mlp",
              0.5519161224365234
            ],
            [
              "blocks.2.mlp",
              0.450265109539032
            ],
            [
              "blocks.3.mlp",
              0.35758548974990845
            ],
            [
              "blocks.4.mlp",
              0.3668314218521118
            ],
            [
              "blocks.5.mlp",
              0.3859039545059204
            ],
            [
              "blocks.6.mlp",
              0.42489323019981384
            ],
            [
              "blocks.7.mlp",
              0.4328993558883667
            ],
            [
              "blocks.8.mlp",
              0.4563663899898529
            ],
            [
              "blocks.9.mlp",
              0.45767712593078613
            ],
            [
              "blocks.10.mlp",
              0.4595440626144409
            ],
            [
              "blocks.11.mlp",
              0.46470022201538086
            ]
          ]
        ],
        [
          500,
          [
            [
              "blocks.0.mlp",
              0.5241917967796326
            ],
            [
              "blocks.1.mlp",
              0.5799588561058044
            ],
            [
              "blocks.2.mlp",
              0.4827389717102051
            ],
            [
              "blocks.3.mlp",
              0.35229843854904175
            ],
            [
              "blocks.4.mlp",
              0.3506181240081787
            ],
            [
              "blocks.5.mlp",
              0.3722720742225647
            ],
            [
              "blocks.6.mlp",
              0.4163542687892914
            ],
            [
              "blocks.7.mlp",
              0.4299846589565277
            ],
            [
              "blocks.8.mlp",
              0.45016273856163025
            ],
            [
              "blocks.9.mlp",
              0.45402979850769043
            ],
            [
              "blocks.10.mlp",
              0.45425519347190857
            ],
            [
              "blocks.11.mlp",
              0.4603653848171234
            ]
          ]
        ],
        [
          600,
          [
            [
              "blocks.0.mlp",
              0.5320186614990234
            ],
            [
              "blocks.1.mlp",
