{
  "reglu_s1t0_muon": [
    {
      "val_loss": [
        [
          0,
          452.6194778442383
        ],
        [
          100,
          41.130296897888186
        ],
        [
          200,
          30.25546016693115
        ],
        [
          300,
          19.77797088623047
        ],
        [
          400,
          13.386645793914795
        ],
        [
          500,
          10.459924983978272
        ],
        [
          600,
          9.127731990814208
        ],
        [
          700,
          8.56967613697052
        ],
        [
          800,
          8.300501465797424
        ],
        [
          900,
          8.082639980316163
        ],
        [
          999,
          8.076461482048035
        ]
      ],
      "trilu_params": [],
      "dead_zones": [
        [
          0,
          [
            [
              "blocks.0.mlp",
              0.5016391277313232
            ],
            [
              "blocks.1.mlp",
              0.5008507370948792
            ],
            [
              "blocks.2.mlp",
              0.5014441013336182
            ],
            [
              "blocks.3.mlp",
              0.5001237392425537
            ],
            [
              "blocks.4.mlp",
              0.499972403049469
            ],
            [
              "blocks.5.mlp",
              0.5005444288253784
            ],
            [
              "blocks.6.mlp",
              0.5017881989479065
            ],
            [
              "blocks.7.mlp",
              0.5002778172492981
            ],
            [
              "blocks.8.mlp",
              0.5031564235687256
            ],
            [
              "blocks.9.mlp",
              0.5005145072937012
            ],
            [
              "blocks.10.mlp",
              0.5004628896713257
            ],
            [
              "blocks.11.mlp",
              0.5013971328735352
            ]
          ]
        ],
        [
          100,
          [
            [
              "blocks.0.mlp",
              0.4985865652561188
            ],
            [
              "blocks.1.mlp",
              0.43158674240112305
            ],
            [
              "blocks.2.mlp",
              0.4193498492240906
            ],
            [
              "blocks.3.mlp",
              0.4119144380092621
            ],
            [
              "blocks.4.mlp",
              0.4156572222709656
            ],
            [
              "blocks.5.mlp",
              0.4283577799797058
            ],
            [
              "blocks.6.mlp",
              0.4302120506763458
            ],
            [
              "blocks.7.mlp",
              0.4219190776348114
            ],
            [
              "blocks.8.mlp",
              0.43513453006744385
            ],
            [
              "blocks.9.mlp",
              0.45482558012008667
            ],
            [
              "blocks.10.mlp",
              0.4275205433368683
            ],
            [
              "blocks.11.mlp",
              0.4646906852722168
            ]
          ]
        ],
        [
          200,
          [
            [
              "blocks.0.mlp",
              0.4704793691635132
            ],
            [
              "blocks.1.mlp",
              0.3859695792198181
            ],
            [
              "blocks.2.mlp",
              0.35326704382896423
            ],
            [
              "blocks.3.mlp",
              0.34366175532341003
            ],
            [
              "blocks.4.mlp",
              0.35780879855155945
            ],
            [
              "blocks.5.mlp",
              0.3585194945335388
            ],
            [
              "blocks.6.mlp",
              0.3801039755344391
            ],
            [
              "blocks.7.mlp",
              0.3871167004108429
            ],
            [
              "blocks.8.mlp",
              0.40928757190704346
            ],
            [
              "blocks.9.mlp",
              0.40987318754196167
            ],
            [
              "blocks.10.mlp",
              0.39775577187538147
            ],
            [
              "blocks.11.mlp",
              0.4369713068008423
            ]
          ]
        ],
        [
          300,
          [
            [
              "blocks.0.mlp",
              0.43070998787879944
            ],
            [
              "blocks.1.mlp",
              0.36598822474479675
            ],
            [
              "blocks.2.mlp",
              0.2960980534553528
            ],
            [
              "blocks.3.mlp",
              0.27914464473724365
            ],
            [
              "blocks.4.mlp",
              0.30453965067863464
            ],
            [
              "blocks.5.mlp",
              0.30046334862709045
            ],
            [
              "blocks.6.mlp",
              0.336395263671875
            ],
            [
              "blocks.7.mlp",
              0.34269997477531433
            ],
            [
              "blocks.8.mlp",
              0.3734756112098694
            ],
            [
              "blocks.9.mlp",
              0.38419628143310547
            ],
            [
              "blocks.10.mlp",
              0.36490073800086975
            ],
            [
              "blocks.11.mlp",
              0.4174336791038513
            ]
          ]
        ],
        [
          400,
          [
            [
              "blocks.0.mlp",
              0.4531068801879883
            ],
            [
              "blocks.1.mlp",
              0.372006893157959
            ],
            [
              "blocks.2.mlp",
              0.2790181338787079
            ],
            [
              "blocks.3.mlp",
              0.25088292360305786
            ],
            [
              "blocks.4.mlp",
              0.2795617878437042
            ],
            [
              "blocks.5.mlp",
              0.29164785146713257
            ],
            [
              "blocks.6.mlp",
              0.32989031076431274
            ],
            [
              "blocks.7.mlp",
              0.3403675854206085
            ],
            [
              "blocks.8.mlp",
              0.36706361174583435
            ],
            [
              "blocks.9.mlp",
              0.39990442991256714
            ],
            [
              "blocks.10.mlp",
              0.3815823793411255
            ],
            [
              "blocks.11.mlp",
              0.42750635743141174
            ]
          ]
        ],
        [
          500,
          [
            [
              "blocks.0.mlp",
              0.47335606813430786
            ],
            [
              "blocks.1.mlp",
              0.4074985384941101
            ],
            [
              "blocks.2.mlp",
              0.30286404490470886
            ],
            [
              "blocks.3.mlp",
              0.2596485912799835
            ],
            [
              "blocks.4.mlp",
              0.2829338610172272
            ],
            [
              "blocks.5.mlp",
              0.2967807352542877
            ],
            [
              "blocks.6.mlp",
              0.33568477630615234
            ],
            [
              "blocks.7.mlp",
              0.3482685089111328
            ],
            [
              "blocks.8.mlp",
              0.3738920986652374
            ],
            [
              "blocks.9.mlp",
              0.4123966693878174
            ],
            [
              "blocks.10.mlp",
              0.3968391716480255
            ],
            [
              "blocks.11.mlp",
              0.4377466142177582
            ]
          ]
        ],
        [
          600,
          [
            [
              "blocks.0.mlp",
              0.47853702306747437
            ],
            [
              "blocks.1.mlp",
