{
  "reglu_s1t0_muon": [
    {
      "val_loss": [
        [
          0,
          452.7397491455078
        ],
        [
          100,
          49.64892234802246
        ],
        [
          200,
          30.577895641326904
        ],
        [
          300,
          19.513599586486816
        ],
        [
          400,
          12.974755907058716
        ],
        [
          500,
          10.288146352767944
        ],
        [
          600,
          8.995125484466552
        ],
        [
          700,
          8.431721305847168
        ],
        [
          800,
          8.17071874141693
        ],
        [
          900,
          7.9569443464279175
        ],
        [
          999,
          7.945486521720886
        ]
      ],
      "trilu_params": [],
      "dead_zones": [
        [
          0,
          [
            [
              "blocks.0.mlp",
              0.501642107963562
            ],
            [
              "blocks.1.mlp",
              0.5008425712585449
            ],
            [
              "blocks.2.mlp",
              0.5014451742172241
            ],
            [
              "blocks.3.mlp",
              0.5001317262649536
            ],
            [
              "blocks.4.mlp",
              0.4999759793281555
            ],
            [
              "blocks.5.mlp",
              0.5005391240119934
            ],
            [
              "blocks.6.mlp",
              0.5017825961112976
            ],
            [
              "blocks.7.mlp",
              0.5002899765968323
            ],
            [
              "blocks.8.mlp",
              0.5031576752662659
            ],
            [
              "blocks.9.mlp",
              0.5005184412002563
            ],
            [
              "blocks.10.mlp",
              0.5004596710205078
            ],
            [
              "blocks.11.mlp",
              0.5013967752456665
            ]
          ]
        ],
        [
          100,
          [
            [
              "blocks.0.mlp",
              0.4998609721660614
            ],
            [
              "blocks.1.mlp",
              0.4772900640964508
            ],
            [
              "blocks.2.mlp",
              0.4604339599609375
            ],
            [
              "blocks.3.mlp",
              0.4395241439342499
            ],
            [
              "blocks.4.mlp",
              0.4336917996406555
            ],
            [
              "blocks.5.mlp",
              0.4381614029407501
            ],
            [
              "blocks.6.mlp",
              0.4408556818962097
            ],
            [
              "blocks.7.mlp",
              0.43344026803970337
            ],
            [
              "blocks.8.mlp",
              0.4439453184604645
            ],
            [
              "blocks.9.mlp",
              0.4477793872356415
            ],
            [
              "blocks.10.mlp",
              0.43449845910072327
            ],
            [
              "blocks.11.mlp",
              0.4658452272415161
            ]
          ]
        ],
        [
          200,
          [
            [
              "blocks.0.mlp",
              0.4933319389820099
            ],
            [
              "blocks.1.mlp",
              0.3921220898628235
            ],
            [
              "blocks.2.mlp",
              0.3795892298221588
            ],
            [
              "blocks.3.mlp",
              0.3804250657558441
            ],
            [
              "blocks.4.mlp",
              0.38885778188705444
            ],
            [
              "blocks.5.mlp",
              0.39771923422813416
            ],
            [
              "blocks.6.mlp",
              0.4152624011039734
            ],
            [
              "blocks.7.mlp",
              0.419383704662323
            ],
            [
              "blocks.8.mlp",
              0.43545839190483093
            ],
            [
              "blocks.9.mlp",
              0.43920809030532837
            ],
            [
              "blocks.10.mlp",
              0.428265780210495
            ],
            [
              "blocks.11.mlp",
              0.45127102732658386
            ]
          ]
        ],
        [
          300,
          [
            [
              "blocks.0.mlp",
              0.49473240971565247
            ],
            [
              "blocks.1.mlp",
              0.38346195220947266
            ],
            [
              "blocks.2.mlp",
              0.3363789916038513
            ],
            [
              "blocks.3.mlp",
              0.33300894498825073
            ],
            [
              "blocks.4.mlp",
              0.35057252645492554
            ],
            [
              "blocks.5.mlp",
              0.365481436252594
            ],
            [
              "blocks.6.mlp",
              0.39402052760124207
            ],
            [
              "blocks.7.mlp",
              0.3936128616333008
            ],
            [
              "blocks.8.mlp",
              0.41675233840942383
            ],
            [
              "blocks.9.mlp",
              0.426442414522171
            ],
            [
              "blocks.10.mlp",
              0.40146201848983765
            ],
            [
              "blocks.11.mlp",
              0.44094881415367126
            ]
          ]
        ],
        [
          400,
          [
            [
              "blocks.0.mlp",
              0.5084795951843262
            ],
            [
              "blocks.1.mlp",
              0.3959212303161621
            ],
            [
              "blocks.2.mlp",
              0.3153977394104004
            ],
            [
              "blocks.3.mlp",
              0.30190297961235046
            ],
            [
              "blocks.4.mlp",
              0.324018657207489
            ],
            [
              "blocks.5.mlp",
              0.35008901357650757
            ],
            [
              "blocks.6.mlp",
              0.3826178312301636
            ],
            [
              "blocks.7.mlp",
              0.3894556164741516
            ],
            [
              "blocks.8.mlp",
              0.41219139099121094
            ],
            [
              "blocks.9.mlp",
              0.4255392551422119
            ],
            [
              "blocks.10.mlp",
              0.40279749035835266
            ],
            [
              "blocks.11.mlp",
              0.4474017322063446
            ]
          ]
        ],
        [
          500,
          [
            [
              "blocks.0.mlp",
              0.5195472836494446
            ],
            [
              "blocks.1.mlp",
              0.4294973909854889
            ],
            [
              "blocks.2.mlp",
              0.3354179561138153
            ],
            [
              "blocks.3.mlp",
              0.2974696159362793
            ],
            [
              "blocks.4.mlp",
              0.3167363405227661
            ],
            [
              "blocks.5.mlp",
              0.3421958386898041
            ],
            [
              "blocks.6.mlp",
              0.37911269068717957
            ],
            [
              "blocks.7.mlp",
              0.3933091461658478
            ],
            [
              "blocks.8.mlp",
              0.413937509059906
            ],
            [
              "blocks.9.mlp",
              0.43397530913352966
            ],
            [
              "blocks.10.mlp",
              0.41361498832702637
            ],
            [
              "blocks.11.mlp",
              0.4499869644641876
            ]
          ]
        ],
        [
          600,
          [
            [
              "blocks.0.mlp",
              0.5195547342300415
            ],
            [
              "blocks.1.mlp",
