{
  "relu2_muon": [
    {
      "val_loss": [
        [
          0,
          464.2621673583984
        ],
        [
          100,
          51.67545928955078
        ],
        [
          200,
          29.399689865112304
        ],
        [
          300,
          18.25818042755127
        ],
        [
          400,
          12.042830848693848
        ],
        [
          500,
          9.791228771209717
        ],
        [
          600,
          8.597105741500854
        ],
        [
          700,
          8.143863773345947
        ],
        [
          800,
          7.901468205451965
        ],
        [
          900,
          7.733048772811889
        ],
        [
          999,
          7.747922897338867
        ]
      ],
      "trilu_params": [],
      "dead_zones": [
        [
          0,
          [
            [
              "blocks.0.mlp",
              0.5074068307876587
            ],
            [
              "blocks.1.mlp",
              0.5072921514511108
            ],
            [
              "blocks.2.mlp",
              0.5063997507095337
            ],
            [
              "blocks.3.mlp",
              0.5045174956321716
            ],
            [
              "blocks.4.mlp",
              0.5070831775665283
            ],
            [
              "blocks.5.mlp",
              0.5052580237388611
            ],
            [
              "blocks.6.mlp",
              0.505484938621521
            ],
            [
              "blocks.7.mlp",
              0.5085581541061401
            ],
            [
              "blocks.8.mlp",
              0.5089876055717468
            ],
            [
              "blocks.9.mlp",
              0.507956862449646
            ],
            [
              "blocks.10.mlp",
              0.5084296464920044
            ],
            [
              "blocks.11.mlp",
              0.5054218769073486
            ]
          ]
        ],
        [
          100,
          [
            [
              "blocks.0.mlp",
              0.5073832869529724
            ],
            [
              "blocks.1.mlp",
              0.49024757742881775
            ],
            [
              "blocks.2.mlp",
              0.4746420085430145
            ],
            [
              "blocks.3.mlp",
              0.47014307975769043
            ],
            [
              "blocks.4.mlp",
              0.46680960059165955
            ],
            [
              "blocks.5.mlp",
              0.4678470492362976
            ],
            [
              "blocks.6.mlp",
              0.4773959815502167
            ],
            [
              "blocks.7.mlp",
              0.4783512353897095
            ],
            [
              "blocks.8.mlp",
              0.4973374009132385
            ],
            [
              "blocks.9.mlp",
              0.4847131669521332
            ],
            [
              "blocks.10.mlp",
              0.48735472559928894
            ],
            [
              "blocks.11.mlp",
              0.4860610365867615
            ]
          ]
        ],
        [
          200,
          [
            [
              "blocks.0.mlp",
              0.5098698139190674
            ],
            [
              "blocks.1.mlp",
              0.4332028329372406
            ],
            [
              "blocks.2.mlp",
              0.39380621910095215
            ],
            [
              "blocks.3.mlp",
              0.4020172953605652
            ],
            [
              "blocks.4.mlp",
              0.42465758323669434
            ],
            [
              "blocks.5.mlp",
              0.4313533306121826
            ],
            [
              "blocks.6.mlp",
              0.44773754477500916
            ],
            [
              "blocks.7.mlp",
              0.4576743245124817
            ],
            [
              "blocks.8.mlp",
              0.47716736793518066
            ],
            [
              "blocks.9.mlp",
              0.4738089442253113
            ],
            [
              "blocks.10.mlp",
              0.4825986623764038
            ],
            [
              "blocks.11.mlp",
              0.48261064291000366
            ]
          ]
        ],
        [
          300,
          [
            [
              "blocks.0.mlp",
              0.5255664587020874
            ],
            [
              "blocks.1.mlp",
              0.47179412841796875
            ],
            [
              "blocks.2.mlp",
              0.33399897813796997
            ],
            [
              "blocks.3.mlp",
              0.33818429708480835
            ],
            [
              "blocks.4.mlp",
              0.38171499967575073
            ],
            [
              "blocks.5.mlp",
              0.3985595703125
            ],
            [
              "blocks.6.mlp",
              0.42139095067977905
            ],
            [
              "blocks.7.mlp",
              0.4400765299797058
            ],
            [
              "blocks.8.mlp",
              0.45776617527008057
            ],
            [
              "blocks.9.mlp",
              0.46098122000694275
            ],
            [
              "blocks.10.mlp",
              0.4707884192466736
            ],
            [
              "blocks.11.mlp",
              0.47675570845603943
            ]
          ]
        ],
        [
          400,
          [
            [
              "blocks.0.mlp",
              0.5671414136886597
            ],
            [
              "blocks.1.mlp",
              0.5084643363952637
            ],
            [
              "blocks.2.mlp",
              0.2932491898536682
            ],
            [
              "blocks.3.mlp",
              0.30092334747314453
            ],
            [
              "blocks.4.mlp",
              0.35274291038513184
            ],
            [
              "blocks.5.mlp",
              0.383808970451355
            ],
            [
              "blocks.6.mlp",
              0.4095339775085449
            ],
            [
              "blocks.7.mlp",
              0.4338546693325043
            ],
            [
              "blocks.8.mlp",
              0.4472866952419281
            ],
            [
              "blocks.9.mlp",
              0.46221446990966797
            ],
            [
              "blocks.10.mlp",
              0.4682777523994446
            ],
            [
              "blocks.11.mlp",
              0.4720473885536194
            ]
          ]
        ],
        [
          500,
          [
            [
              "blocks.0.mlp",
              0.6101412773132324
            ],
            [
              "blocks.1.mlp",
              0.5457282662391663
            ],
            [
              "blocks.2.mlp",
              0.314003050327301
            ],
            [
              "blocks.3.mlp",
              0.28521043062210083
            ],
            [
              "blocks.4.mlp",
              0.3408631682395935
            ],
            [
              "blocks.5.mlp",
              0.3743044137954712
            ],
            [
              "blocks.6.mlp",
              0.4056607186794281
            ],
            [
              "blocks.7.mlp",
              0.42982912063598633
            ],
            [
              "blocks.8.mlp",
              0.4462410807609558
            ],
            [
              "blocks.9.mlp",
              0.463092178106308
            ],
            [
              "blocks.10.mlp",
              0.4698338508605957
            ],
            [
              "blocks.11.mlp",
              0.4722297787666321
            ]
          ]
        ],
        [
          600,
          [
            [
              "blocks.0.mlp",
              0.6307412385940552
            ],
            [
              "blocks.1.mlp",
