{
  "bilinear_muon": [
    {
      "val_loss": [
        [
          0,
          488.9719573974609
        ],
        [
          100,
          284.0451385498047
        ],
        [
          200,
          49.69269351959228
        ],
        [
          300,
          23.322913360595702
        ],
        [
          400,
          14.06899642944336
        ],
        [
          500,
          10.589478015899658
        ],
        [
          600,
          9.103454446792602
        ],
        [
          700,
          8.52727689743042
        ],
        [
          800,
          8.273168253898621
        ],
        [
          900,
          8.087519335746766
        ],
        [
          999,
          8.076004981994629
        ]
      ],
      "trilu_params": [],
      "dead_zones": [
        [
          0,
          [
            [
              "blocks.0.mlp",
              0.0017784833908081055
            ],
            [
              "blocks.1.mlp",
              0.0017566382884979248
            ],
            [
              "blocks.2.mlp",
              0.0017532408237457275
            ],
            [
              "blocks.3.mlp",
              0.0017515718936920166
            ],
            [
              "blocks.4.mlp",
              0.0017641782760620117
            ],
            [
              "blocks.5.mlp",
              0.0017583370208740234
            ],
            [
              "blocks.6.mlp",
              0.0017661750316619873
            ],
            [
              "blocks.7.mlp",
              0.0017639696598052979
            ],
            [
              "blocks.8.mlp",
              0.0017524957656860352
            ],
            [
              "blocks.9.mlp",
              0.001757800579071045
            ],
            [
              "blocks.10.mlp",
              0.001748889684677124
            ],
            [
              "blocks.11.mlp",
              0.0017528533935546875
            ]
          ]
        ],
        [
          100,
          [
            [
              "blocks.0.mlp",
              0.0017055273056030273
            ],
            [
              "blocks.1.mlp",
              0.0017120838165283203
            ],
            [
              "blocks.2.mlp",
              0.0017088055610656738
            ],
            [
              "blocks.3.mlp",
              0.0017094314098358154
            ],
            [
              "blocks.4.mlp",
              0.0017083585262298584
            ],
            [
              "blocks.5.mlp",
              0.001679748296737671
            ],
            [
              "blocks.6.mlp",
              0.001698225736618042
            ],
            [
              "blocks.7.mlp",
              0.0016961395740509033
            ],
            [
              "blocks.8.mlp",
              0.0016980171203613281
            ],
            [
              "blocks.9.mlp",
              0.0016721487045288086
            ],
            [
              "blocks.10.mlp",
              0.0016617178916931152
            ],
            [
              "blocks.11.mlp",
              0.0016555488109588623
            ]
          ]
        ],
        [
          200,
          [
            [
              "blocks.0.mlp",
              0.0016184747219085693
            ],
            [
              "blocks.1.mlp",
              0.0015813708305358887
            ],
            [
              "blocks.2.mlp",
              0.0015320777893066406
            ],
            [
              "blocks.3.mlp",
              0.001484304666519165
            ],
            [
              "blocks.4.mlp",
              0.001441359519958496
            ],
            [
              "blocks.5.mlp",
              0.001394122838973999
            ],
            [
              "blocks.6.mlp",
              0.0013673901557922363
            ],
            [
              "blocks.7.mlp",
              0.0014612972736358643
            ],
            [
              "blocks.8.mlp",
              0.0014638006687164307
            ],
            [
              "blocks.9.mlp",
              0.0014427006244659424
            ],
            [
              "blocks.10.mlp",
              0.0015351474285125732
            ],
            [
              "blocks.11.mlp",
              0.0014418065547943115
            ]
          ]
        ],
        [
          300,
          [
            [
              "blocks.0.mlp",
              0.0014964640140533447
            ],
            [
              "blocks.1.mlp",
              0.0012377798557281494
            ],
            [
              "blocks.2.mlp",
              0.001056969165802002
            ],
            [
              "blocks.3.mlp",
              0.0008926987648010254
            ],
            [
              "blocks.4.mlp",
              0.0009719431400299072
            ],
            [
              "blocks.5.mlp",
              0.0010977387428283691
            ],
            [
              "blocks.6.mlp",
              0.0010833442211151123
            ],
            [
              "blocks.7.mlp",
              0.0014059245586395264
            ],
            [
              "blocks.8.mlp",
              0.0011332035064697266
            ],
            [
              "blocks.9.mlp",
              0.0013805031776428223
            ],
            [
              "blocks.10.mlp",
              0.001332014799118042
            ],
            [
              "blocks.11.mlp",
              0.0015318095684051514
            ]
          ]
        ],
        [
          400,
          [
            [
              "blocks.0.mlp",
              0.0014181137084960938
            ],
            [
              "blocks.1.mlp",
              0.0011747479438781738
            ],
            [
              "blocks.2.mlp",
              0.0009993314743041992
            ],
            [
              "blocks.3.mlp",
              0.0008399784564971924
            ],
            [
              "blocks.4.mlp",
              0.0009047091007232666
            ],
            [
              "blocks.5.mlp",
              0.0010888874530792236
            ],
            [
              "blocks.6.mlp",
              0.0012148618698120117
            ],
            [
              "blocks.7.mlp",
              0.0011827945709228516
            ],
            [
              "blocks.8.mlp",
              0.0011727511882781982
            ],
            [
              "blocks.9.mlp",
              0.0016539990901947021
            ],
            [
              "blocks.10.mlp",
              0.0013568699359893799
            ],
            [
              "blocks.11.mlp",
              0.00149613618850708
            ]
          ]
        ],
        [
          500,
          [
            [
              "blocks.0.mlp",
              0.001371830701828003
            ],
            [
              "blocks.1.mlp",
              0.0011812448501586914
            ],
            [
              "blocks.2.mlp",
              0.0010593235492706299
            ],
            [
              "blocks.3.mlp",
              0.0008826255798339844
            ],
            [
              "blocks.4.mlp",
              0.0008800923824310303
            ],
            [
              "blocks.5.mlp",
              0.0010226666927337646
            ],
            [
              "blocks.6.mlp",
              0.0011880993843078613
            ],
            [
              "blocks.7.mlp",
              0.0012722611427307129
            ],
            [
              "blocks.8.mlp",
              0.0011234879493713379
            ],
            [
              "blocks.9.mlp",
              0.0019194185733795166
            ],
            [
              "blocks.10.mlp",
              0.0011303424835205078
            ],
            [
              "blocks.11.mlp",
              0.001253962516784668
            ]
          ]
        ],
