{
  "bilinear_muon": [
    {
      "val_loss": [
        [
          0,
          488.89921417236326
        ],
        [
          100,
          63.011268043518065
        ],
        [
          200,
          30.70201930999756
        ],
        [
          300,
          18.933903884887695
        ],
        [
          400,
          12.39389762878418
        ],
        [
          500,
          9.906648445129395
        ],
        [
          600,
          8.70994691848755
        ],
        [
          700,
          8.21749551296234
        ],
        [
          800,
          7.982496523857117
        ],
        [
          900,
          7.8178938865661625
        ],
        [
          999,
          7.800117826461792
        ]
      ],
      "trilu_params": [],
      "dead_zones": [
        [
          0,
          [
            [
              "blocks.0.mlp",
              0.0017743110656738281
            ],
            [
              "blocks.1.mlp",
              0.0017601847648620605
            ],
            [
              "blocks.2.mlp",
              0.0017538070678710938
            ],
            [
              "blocks.3.mlp",
              0.0017524659633636475
            ],
            [
              "blocks.4.mlp",
              0.001764446496963501
            ],
            [
              "blocks.5.mlp",
              0.0017558634281158447
            ],
            [
              "blocks.6.mlp",
              0.001766204833984375
            ],
            [
              "blocks.7.mlp",
              0.0017605423927307129
            ],
            [
              "blocks.8.mlp",
              0.0017640888690948486
            ],
            [
              "blocks.9.mlp",
              0.0017569363117218018
            ],
            [
              "blocks.10.mlp",
              0.0017375051975250244
            ],
            [
              "blocks.11.mlp",
              0.0017609894275665283
            ]
          ]
        ],
        [
          100,
          [
            [
              "blocks.0.mlp",
              0.001631021499633789
            ],
            [
              "blocks.1.mlp",
              0.0016300380229949951
            ],
            [
              "blocks.2.mlp",
              0.0015918612480163574
            ],
            [
              "blocks.3.mlp",
              0.001559525728225708
            ],
            [
              "blocks.4.mlp",
              0.00157889723777771
            ],
            [
              "blocks.5.mlp",
              0.0014998316764831543
            ],
            [
              "blocks.6.mlp",
              0.0014863312244415283
            ],
            [
              "blocks.7.mlp",
              0.0015286803245544434
            ],
            [
              "blocks.8.mlp",
              0.0015770494937896729
            ],
            [
              "blocks.9.mlp",
              0.0015472769737243652
            ],
            [
              "blocks.10.mlp",
              0.0015971660614013672
            ],
            [
              "blocks.11.mlp",
              0.0015026628971099854
            ]
          ]
        ],
        [
          200,
          [
            [
              "blocks.0.mlp",
              0.0013195574283599854
            ],
            [
              "blocks.1.mlp",
              0.001025557518005371
            ],
            [
              "blocks.2.mlp",
              0.0009648799896240234
            ],
            [
              "blocks.3.mlp",
              0.0009681284427642822
            ],
            [
              "blocks.4.mlp",
              0.0011624693870544434
            ],
            [
              "blocks.5.mlp",
              0.001245051622390747
            ],
            [
              "blocks.6.mlp",
              0.001195073127746582
            ],
            [
              "blocks.7.mlp",
              0.0012046992778778076
            ],
            [
              "blocks.8.mlp",
              0.0012879669666290283
            ],
            [
              "blocks.9.mlp",
              0.0012910068035125732
            ],
            [
              "blocks.10.mlp",
              0.0012819766998291016
            ],
            [
              "blocks.11.mlp",
              0.0014511644840240479
            ]
          ]
        ],
        [
          300,
          [
            [
              "blocks.0.mlp",
              0.0010381340980529785
            ],
            [
              "blocks.1.mlp",
              0.0011200308799743652
            ],
            [
              "blocks.2.mlp",
              0.0011001229286193848
            ],
            [
              "blocks.3.mlp",
              0.000844419002532959
            ],
            [
              "blocks.4.mlp",
              0.0008504986763000488
            ],
            [
              "blocks.5.mlp",
              0.0011001825332641602
            ],
            [
              "blocks.6.mlp",
              0.0010520219802856445
            ],
            [
              "blocks.7.mlp",
              0.0011585652828216553
            ],
            [
              "blocks.8.mlp",
              0.0010086596012115479
            ],
            [
              "blocks.9.mlp",
              0.0011922121047973633
            ],
            [
              "blocks.10.mlp",
              0.001248091459274292
            ],
            [
              "blocks.11.mlp",
              0.0016213655471801758
            ]
          ]
        ],
        [
          400,
          [
            [
              "blocks.0.mlp",
              0.000894695520401001
            ],
            [
              "blocks.1.mlp",
              0.0011546313762664795
            ],
            [
              "blocks.2.mlp",
              0.0012722015380859375
            ],
            [
              "blocks.3.mlp",
              0.0007794797420501709
            ],
            [
              "blocks.4.mlp",
              0.000735551118850708
            ],
            [
              "blocks.5.mlp",
              0.0009503960609436035
            ],
            [
              "blocks.6.mlp",
              0.0009244978427886963
            ],
            [
              "blocks.7.mlp",
              0.0011667609214782715
            ],
            [
              "blocks.8.mlp",
              0.0011020004749298096
            ],
            [
              "blocks.9.mlp",
              0.0008419454097747803
            ],
            [
              "blocks.10.mlp",
              0.0011290311813354492
            ],
            [
              "blocks.11.mlp",
              0.001279681921005249
            ]
          ]
        ],
        [
          500,
          [
            [
              "blocks.0.mlp",
              0.0008150339126586914
            ],
            [
              "blocks.1.mlp",
              0.0010672509670257568
            ],
            [
              "blocks.2.mlp",
              0.0014837980270385742
            ],
            [
              "blocks.3.mlp",
              0.0006873011589050293
            ],
            [
              "blocks.4.mlp",
              0.0006913840770721436
            ],
            [
              "blocks.5.mlp",
              0.0009410679340362549
            ],
            [
              "blocks.6.mlp",
              0.0008199810981750488
            ],
            [
              "blocks.7.mlp",
              0.000996321439743042
            ],
            [
              "blocks.8.mlp",
              0.0008821785449981689
            ],
            [
              "blocks.9.mlp",
              0.0009344518184661865
            ],
            [
              "blocks.10.mlp",
              0.001793593168258667
            ],
            [
              "blocks.11.mlp",
              0.001393049955368042
            ]
          ]
        ],
