{
  "xglu_s1t0_muon": [
    {
      "val_loss": [
        [
          0,
          397.59051818847655
        ],
        [
          100,
          40.49168853759765
        ],
        [
          200,
          29.414837646484376
        ],
        [
          300,
          19.015952587127686
        ],
        [
          400,
          12.826943826675414
        ],
        [
          500,
          10.230662631988526
        ],
        [
          600,
          8.972687005996704
        ],
        [
          700,
          8.426969575881959
        ],
        [
          800,
          8.204021096229553
        ],
        [
          900,
          7.984034729003906
        ],
        [
          999,
          7.9697270631790165
        ]
      ],
      "trilu_params": [],
      "dead_zones": [
        [
          0,
          [
            [
              "blocks.0.mlp",
              0.0016804039478302002
            ],
            [
              "blocks.1.mlp",
              0.0016776621341705322
            ],
            [
              "blocks.2.mlp",
              0.0016687512397766113
            ],
            [
              "blocks.3.mlp",
              0.0016654729843139648
            ],
            [
              "blocks.4.mlp",
              0.0016487538814544678
            ],
            [
              "blocks.5.mlp",
              0.0016595721244812012
            ],
            [
              "blocks.6.mlp",
              0.0016551017761230469
            ],
            [
              "blocks.7.mlp",
              0.0016643404960632324
            ],
            [
              "blocks.8.mlp",
              0.0016674995422363281
            ],
            [
              "blocks.9.mlp",
              0.0016482770442962646
            ],
            [
              "blocks.10.mlp",
              0.0016683340072631836
            ],
            [
              "blocks.11.mlp",
              0.0016586780548095703
            ]
          ]
        ],
        [
          100,
          [
            [
              "blocks.0.mlp",
              0.0014680027961730957
            ],
            [
              "blocks.1.mlp",
              0.001406848430633545
            ],
            [
              "blocks.2.mlp",
              0.0014844238758087158
            ],
            [
              "blocks.3.mlp",
              0.0013847053050994873
            ],
            [
              "blocks.4.mlp",
              0.0012830495834350586
            ],
            [
              "blocks.5.mlp",
              0.001405954360961914
            ],
            [
              "blocks.6.mlp",
              0.0013323426246643066
            ],
            [
              "blocks.7.mlp",
              0.0013391673564910889
            ],
            [
              "blocks.8.mlp",
              0.0011371374130249023
            ],
            [
              "blocks.9.mlp",
              0.0016176700592041016
            ],
            [
              "blocks.10.mlp",
              0.0014603137969970703
            ],
            [
              "blocks.11.mlp",
              0.001165241003036499
            ]
          ]
        ],
        [
          200,
          [
            [
              "blocks.0.mlp",
              0.0008210241794586182
            ],
            [
              "blocks.1.mlp",
              0.0010488927364349365
            ],
            [
              "blocks.2.mlp",
              0.0010162889957427979
            ],
            [
              "blocks.3.mlp",
              0.0009563267230987549
            ],
            [
              "blocks.4.mlp",
              0.0009751617908477783
            ],
            [
              "blocks.5.mlp",
              0.0011083483695983887
            ],
            [
              "blocks.6.mlp",
              0.0009915530681610107
            ],
            [
              "blocks.7.mlp",
              0.001168966293334961
            ],
            [
              "blocks.8.mlp",
              0.0010157525539398193
            ],
            [
              "blocks.9.mlp",
              0.0010214745998382568
            ],
            [
              "blocks.10.mlp",
              0.000950247049331665
            ],
            [
              "blocks.11.mlp",
              0.0010526776313781738
            ]
          ]
        ],
        [
          300,
          [
            [
              "blocks.0.mlp",
              0.0006663203239440918
            ],
            [
              "blocks.1.mlp",
              0.0013174712657928467
            ],
            [
              "blocks.2.mlp",
              0.0010003745555877686
            ],
            [
              "blocks.3.mlp",
              0.0007610619068145752
            ],
            [
              "blocks.4.mlp",
              0.0007148981094360352
            ],
            [
              "blocks.5.mlp",
              0.0008264780044555664
            ],
            [
              "blocks.6.mlp",
              0.0008138120174407959
            ],
            [
              "blocks.7.mlp",
              0.0011638104915618896
            ],
            [
              "blocks.8.mlp",
              0.0008636713027954102
            ],
            [
              "blocks.9.mlp",
              0.0009060800075531006
            ],
            [
              "blocks.10.mlp",
              0.0010993480682373047
            ],
            [
              "blocks.11.mlp",
              0.0009042918682098389
            ]
          ]
        ],
        [
          400,
          [
            [
              "blocks.0.mlp",
              0.0006232857704162598
            ],
            [
              "blocks.1.mlp",
              0.0014105737209320068
            ],
            [
              "blocks.2.mlp",
              0.0011200308799743652
            ],
            [
              "blocks.3.mlp",
              0.0006386041641235352
            ],
            [
              "blocks.4.mlp",
              0.0006472766399383545
            ],
            [
              "blocks.5.mlp",
              0.0007076263427734375
            ],
            [
              "blocks.6.mlp",
              0.0007321536540985107
            ],
            [
              "blocks.7.mlp",
              0.0009312033653259277
            ],
            [
              "blocks.8.mlp",
              0.0008772611618041992
            ],
            [
              "blocks.9.mlp",
              0.0010779201984405518
            ],
            [
              "blocks.10.mlp",
              0.0011418163776397705
            ],
            [
              "blocks.11.mlp",
              0.0008929967880249023
            ]
          ]
        ],
        [
          500,
          [
            [
              "blocks.0.mlp",
              0.0005897879600524902
            ],
            [
              "blocks.1.mlp",
              0.0013088881969451904
            ],
            [
              "blocks.2.mlp",
              0.0012874007225036621
            ],
            [
              "blocks.3.mlp",
              0.0007119476795196533
            ],
            [
              "blocks.4.mlp",
              0.0005853176116943359
            ],
            [
              "blocks.5.mlp",
              0.0006913244724273682
            ],
            [
              "blocks.6.mlp",
              0.0006635189056396484
            ],
            [
              "blocks.7.mlp",
              0.0008725821971893311
            ],
            [
              "blocks.8.mlp",
              0.0007624328136444092
            ],
            [
              "blocks.9.mlp",
              0.0010746419429779053
            ],
            [
              "blocks.10.mlp",
              0.0008481740951538086
            ],
            [
              "blocks.11.mlp",
              0.00109940767288208
            ]
          ]
