{
  "eluquad_muon": [
    {
      "val_loss": [
        [
          0,
          346.52188568115236
        ],
        [
          100,
          38.247939109802246
        ],
        [
          200,
          27.086663722991943
        ],
        [
          300,
          17.152869606018065
        ],
        [
          400,
          11.647632884979249
        ],
        [
          500,
          9.70066556930542
        ],
        [
          600,
          8.603646183013916
        ],
        [
          700,
          8.155453157424926
        ],
        [
          800,
          7.931443095207214
        ],
        [
          900,
          7.761637902259826
        ],
        [
          999,
          7.763579916954041
        ]
      ],
      "trilu_params": [],
      "dead_zones": [
        [
          0,
          [
            [
              "blocks.0.mlp",
              0.00013826291251461953
            ],
            [
              "blocks.1.mlp",
              0.00013599793601315469
            ],
            [
              "blocks.2.mlp",
              0.0001366138458251953
            ],
            [
              "blocks.3.mlp",
              0.00013788542128168046
            ],
            [
              "blocks.4.mlp",
              0.00013963381934445351
            ],
            [
              "blocks.5.mlp",
              0.00013571977615356445
            ],
            [
              "blocks.6.mlp",
              0.00013709068298339844
            ],
            [
              "blocks.7.mlp",
              0.00013885895896237344
            ],
            [
              "blocks.8.mlp",
              0.0001392364501953125
            ],
            [
              "blocks.9.mlp",
              0.00013887882232666016
            ],
            [
              "blocks.10.mlp",
              0.00013649463653564453
            ],
            [
              "blocks.11.mlp",
              0.00013957421469967812
            ]
          ]
        ],
        [
          100,
          [
            [
              "blocks.0.mlp",
              0.00012032191443722695
            ],
            [
              "blocks.1.mlp",
              0.00011932849884033203
            ],
            [
              "blocks.2.mlp",
              0.0001227855682373047
            ],
            [
              "blocks.3.mlp",
              0.00012965998030267656
            ],
            [
              "blocks.4.mlp",
              0.00013460716581903398
            ],
            [
              "blocks.5.mlp",
              0.00012872616935055703
            ],
            [
              "blocks.6.mlp",
              0.0001296401023864746
            ],
            [
              "blocks.7.mlp",
              0.00011823575187008828
            ],
            [
              "blocks.8.mlp",
              0.00012969970703125
            ],
            [
              "blocks.9.mlp",
              0.00011505683505674824
            ],
            [
              "blocks.10.mlp",
              0.0001321236341027543
            ],
            [
              "blocks.11.mlp",
              0.00012908379721920937
            ]
          ]
        ],
        [
          200,
          [
            [
              "blocks.0.mlp",
              9.1552734375e-05
            ],
            [
              "blocks.1.mlp",
              0.00010464589286129922
            ],
            [
              "blocks.2.mlp",
              0.00012205044913571328
            ],
            [
              "blocks.3.mlp",
              0.00011229515075683594
            ],
            [
              "blocks.4.mlp",
              0.0001153548582806252
            ],
            [
              "blocks.5.mlp",
              0.00011754035949707031
            ],
            [
              "blocks.6.mlp",
              0.00011960665869992226
            ],
            [
              "blocks.7.mlp",
              0.00011843442916870117
            ],
            [
              "blocks.8.mlp",
              0.00011438131332397461
            ],
            [
              "blocks.9.mlp",
              0.00011400382209103554
            ],
            [
              "blocks.10.mlp",
              0.00011875232303282246
            ],
            [
              "blocks.11.mlp",
              0.00012048085773130879
            ]
          ]
        ],
        [
          300,
          [
            [
              "blocks.0.mlp",
              6.562471389770508e-05
            ],
            [
              "blocks.1.mlp",
              0.00010476510215085
            ],
            [
              "blocks.2.mlp",
              0.0001523693499621004
            ],
            [
              "blocks.3.mlp",
              8.877118671080098e-05
            ],
            [
              "blocks.4.mlp",
              8.110205817501992e-05
            ],
            [
              "blocks.5.mlp",
              8.658568549435586e-05
            ],
            [
              "blocks.6.mlp",
              9.574493014952168e-05
            ],
            [
              "blocks.7.mlp",
              0.00010226170707028359
            ],
            [
              "blocks.8.mlp",
              0.00010202328849118203
            ],
            [
              "blocks.9.mlp",
              9.955962741514668e-05
            ],
            [
              "blocks.10.mlp",
              0.00011928876483580098
            ],
            [
              "blocks.11.mlp",
              0.00010015567386290058
            ]
          ]
        ],
        [
          400,
          [
            [
              "blocks.0.mlp",
              5.173683166503906e-05
            ],
            [
              "blocks.1.mlp",
              0.00010408958041807637
            ],
            [
              "blocks.2.mlp",
              0.00018080076551996171
            ],
            [
              "blocks.3.mlp",
              8.330743003170937e-05
            ],
            [
              "blocks.4.mlp",
              6.534656131407246e-05
            ],
            [
              "blocks.5.mlp",
              7.418791938107461e-05
            ],
            [
              "blocks.6.mlp",
              8.593003440182656e-05
            ],
            [
              "blocks.7.mlp",
              8.656581485411152e-05
            ],
            [
              "blocks.8.mlp",
              0.00010057290637632832
            ],
            [
              "blocks.9.mlp",
              0.00010216236114501953
            ],
            [
              "blocks.10.mlp",
              0.00012322267866693437
            ],
            [
              "blocks.11.mlp",
              0.00010599692905088887
            ]
          ]
        ],
        [
          500,
          [
            [
              "blocks.0.mlp",
              4.7008197725517675e-05
            ],
            [
              "blocks.1.mlp",
              8.998315024655312e-05
            ],
            [
              "blocks.2.mlp",
              0.00017583370208740234
            ],
            [
              "blocks.3.mlp",
              8.255243301391602e-05
            ],
            [
              "blocks.4.mlp",
              5.630652231047861e-05
            ],
            [
              "blocks.5.mlp",
              6.12934454693459e-05
            ],
            [
              "blocks.6.mlp",
              8.07046890258789e-05
            ],
            [
              "blocks.7.mlp",
              7.822116458555683e-05
            ],
            [
              "blocks.8.mlp",
              8.44399182824418e-05
            ],
            [
              "blocks.9.mlp",
              0.00010579824447631836
            ],
            [
              "blocks.10.mlp",
              0.00011428197467466816
            ],
            [
              "blocks.11.mlp",
