{
  "relu2_muon": [
    {
      "val_loss": [
        [
          0,
          464.38003692626955
        ],
        [
          100,
          198.21823272705078
        ],
        [
          200,
          39.593610763549805
        ],
        [
          300,
          21.45547561645508
        ],
        [
          400,
          13.315860557556153
        ],
        [
          500,
          10.334086275100708
        ],
        [
          600,
          8.905705881118774
        ],
        [
          700,
          8.399934029579162
        ],
        [
          800,
          8.133643627166748
        ],
        [
          900,
          7.9650777816772464
        ],
        [
          999,
          7.985899162292481
        ]
      ],
      "trilu_params": [],
      "dead_zones": [
        [
          0,
          [
            [
              "blocks.0.mlp",
              0.5074045658111572
            ],
            [
              "blocks.1.mlp",
              0.5072911977767944
            ],
            [
              "blocks.2.mlp",
              0.5063958168029785
            ],
            [
              "blocks.3.mlp",
              0.5045132040977478
            ],
            [
              "blocks.4.mlp",
              0.5070780515670776
            ],
            [
              "blocks.5.mlp",
              0.5052618384361267
            ],
            [
              "blocks.6.mlp",
              0.5054950714111328
            ],
            [
              "blocks.7.mlp",
              0.5085505247116089
            ],
            [
              "blocks.8.mlp",
              0.5089863538742065
            ],
            [
              "blocks.9.mlp",
              0.507961094379425
            ],
            [
              "blocks.10.mlp",
              0.5084317922592163
            ],
            [
              "blocks.11.mlp",
              0.5054303407669067
            ]
          ]
        ],
        [
          100,
          [
            [
              "blocks.0.mlp",
              0.5070828199386597
            ],
            [
              "blocks.1.mlp",
              0.5059188604354858
            ],
            [
              "blocks.2.mlp",
              0.504613995552063
            ],
            [
              "blocks.3.mlp",
              0.5011720061302185
            ],
            [
              "blocks.4.mlp",
              0.5048710703849792
            ],
            [
              "blocks.5.mlp",
              0.5006963014602661
            ],
            [
              "blocks.6.mlp",
              0.49990320205688477
            ],
            [
              "blocks.7.mlp",
              0.502214789390564
            ],
            [
              "blocks.8.mlp",
              0.5042752027511597
            ],
            [
              "blocks.9.mlp",
              0.4986518323421478
            ],
            [
              "blocks.10.mlp",
              0.5004438757896423
            ],
            [
              "blocks.11.mlp",
              0.49662479758262634
            ]
          ]
        ],
        [
          200,
          [
            [
              "blocks.0.mlp",
              0.5047829151153564
            ],
            [
              "blocks.1.mlp",
              0.4862382113933563
            ],
            [
              "blocks.2.mlp",
              0.4698648452758789
            ],
            [
              "blocks.3.mlp",
              0.4637242257595062
            ],
            [
              "blocks.4.mlp",
              0.4620324373245239
            ],
            [
              "blocks.5.mlp",
              0.4625551402568817
            ],
            [
              "blocks.6.mlp",
              0.4746793210506439
            ],
            [
              "blocks.7.mlp",
              0.47782039642333984
            ],
            [
              "blocks.8.mlp",
              0.496854305267334
            ],
            [
              "blocks.9.mlp",
              0.4865154027938843
            ],
            [
              "blocks.10.mlp",
              0.4887846112251282
            ],
            [
              "blocks.11.mlp",
              0.4916463792324066
            ]
          ]
        ],
        [
          300,
          [
            [
              "blocks.0.mlp",
              0.4989592432975769
            ],
            [
              "blocks.1.mlp",
              0.4488740861415863
            ],
            [
              "blocks.2.mlp",
              0.41763442754745483
            ],
            [
              "blocks.3.mlp",
              0.4061185121536255
            ],
            [
              "blocks.4.mlp",
              0.42790859937667847
            ],
            [
              "blocks.5.mlp",
              0.43606123328208923
            ],
            [
              "blocks.6.mlp",
              0.45702457427978516
            ],
            [
              "blocks.7.mlp",
              0.4668821692466736
            ],
            [
              "blocks.8.mlp",
              0.48104390501976013
            ],
            [
              "blocks.9.mlp",
              0.4811815619468689
            ],
            [
              "blocks.10.mlp",
              0.4849392771720886
            ],
            [
              "blocks.11.mlp",
              0.49048691987991333
            ]
          ]
        ],
        [
          400,
          [
            [
              "blocks.0.mlp",
              0.49740171432495117
            ],
            [
              "blocks.1.mlp",
              0.4506602883338928
            ],
            [
              "blocks.2.mlp",
              0.412827730178833
            ],
            [
              "blocks.3.mlp",
              0.38574346899986267
            ],
            [
              "blocks.4.mlp",
              0.4138045310974121
            ],
            [
              "blocks.5.mlp",
              0.4277361333370209
            ],
            [
              "blocks.6.mlp",
              0.45203253626823425
            ],
            [
              "blocks.7.mlp",
              0.4637274444103241
            ],
            [
              "blocks.8.mlp",
              0.47969716787338257
            ],
            [
              "blocks.9.mlp",
              0.4800867438316345
            ],
            [
              "blocks.10.mlp",
              0.4852476119995117
            ],
            [
              "blocks.11.mlp",
              0.48988205194473267
            ]
          ]
        ],
        [
          500,
          [
            [
              "blocks.0.mlp",
              0.49651849269866943
            ],
            [
              "blocks.1.mlp",
              0.45763155817985535
            ],
            [
              "blocks.2.mlp",
              0.4251250922679901
            ],
            [
              "blocks.3.mlp",
              0.379141628742218
            ],
            [
              "blocks.4.mlp",
              0.40670379996299744
            ],
            [
              "blocks.5.mlp",
              0.4234287738800049
            ],
            [
              "blocks.6.mlp",
              0.44855666160583496
            ],
            [
              "blocks.7.mlp",
              0.4652446210384369
            ],
            [
              "blocks.8.mlp",
              0.4773716330528259
            ],
            [
              "blocks.9.mlp",
              0.48068177700042725
            ],
            [
              "blocks.10.mlp",
              0.4865516126155853
            ],
            [
              "blocks.11.mlp",
              0.48747166991233826
            ]
          ]
        ],
        [
          600,
          [
            [
              "blocks.0.mlp",
              0.49576234817504883
            ],
            [
              "blocks.1.mlp",
