{
  "relu2_s1t0_muon": [
    {
      "val_loss": [
        [
          0,
          351.5483459472656
        ],
        [
          100,
          41.13227882385254
        ],
        [
          200,
          27.659020042419435
        ],
        [
          300,
          17.48273277282715
        ],
        [
          400,
          11.717588663101196
        ],
        [
          500,
          9.637757778167725
        ],
        [
          600,
          8.518947505950928
        ],
        [
          700,
          8.069102835655212
        ],
        [
          800,
          7.843349123001099
        ],
        [
          900,
          7.677538514137268
        ],
        [
          999,
          7.680976533889771
        ]
      ],
      "trilu_params": [],
      "dead_zones": [
        [
          0,
          [
            [
              "blocks.0.mlp",
              0.5005781650543213
            ],
            [
              "blocks.1.mlp",
              0.5004386305809021
            ],
            [
              "blocks.2.mlp",
              0.4983398914337158
            ],
            [
              "blocks.3.mlp",
              0.49578699469566345
            ],
            [
              "blocks.4.mlp",
              0.5010125041007996
            ],
            [
              "blocks.5.mlp",
              0.4962712228298187
            ],
            [
              "blocks.6.mlp",
              0.4957338273525238
            ],
            [
              "blocks.7.mlp",
              0.502354621887207
            ],
            [
              "blocks.8.mlp",
              0.5023432970046997
            ],
            [
              "blocks.9.mlp",
              0.5020481944084167
            ],
            [
              "blocks.10.mlp",
              0.5022013187408447
            ],
            [
              "blocks.11.mlp",
              0.4953581690788269
            ]
          ]
        ],
        [
          100,
          [
            [
              "blocks.0.mlp",
              0.5011956095695496
            ],
            [
              "blocks.1.mlp",
              0.4831995666027069
            ],
            [
              "blocks.2.mlp",
              0.4744240641593933
            ],
            [
              "blocks.3.mlp",
              0.4781572222709656
            ],
            [
              "blocks.4.mlp",
              0.4653404653072357
            ],
            [
              "blocks.5.mlp",
              0.46957486867904663
            ],
            [
              "blocks.6.mlp",
              0.48223042488098145
            ],
            [
              "blocks.7.mlp",
              0.47896844148635864
            ],
            [
              "blocks.8.mlp",
              0.494742751121521
            ],
            [
              "blocks.9.mlp",
              0.4948073625564575
            ],
            [
              "blocks.10.mlp",
              0.49144965410232544
            ],
            [
              "blocks.11.mlp",
              0.48537319898605347
            ]
          ]
        ],
        [
          200,
          [
            [
              "blocks.0.mlp",
              0.513884961605072
            ],
            [
              "blocks.1.mlp",
              0.504969596862793
            ],
            [
              "blocks.2.mlp",
              0.4477352499961853
            ],
            [
              "blocks.3.mlp",
              0.4215223789215088
            ],
            [
              "blocks.4.mlp",
              0.428088515996933
            ],
            [
              "blocks.5.mlp",
              0.4317121207714081
            ],
            [
              "blocks.6.mlp",
              0.449296236038208
            ],
            [
              "blocks.7.mlp",
              0.4546208381652832
            ],
            [
              "blocks.8.mlp",
              0.47353029251098633
            ],
            [
              "blocks.9.mlp",
              0.4725821018218994
            ],
            [
              "blocks.10.mlp",
              0.47263258695602417
            ],
            [
              "blocks.11.mlp",
              0.4773997664451599
            ]
          ]
        ],
        [
          300,
          [
            [
              "blocks.0.mlp",
              0.5432757139205933
            ],
            [
              "blocks.1.mlp",
              0.6080767512321472
            ],
            [
              "blocks.2.mlp",
              0.4442395567893982
            ],
            [
              "blocks.3.mlp",
              0.34615153074264526
            ],
            [
              "blocks.4.mlp",
              0.3527040481567383
            ],
            [
              "blocks.5.mlp",
              0.3722512722015381
            ],
            [
              "blocks.6.mlp",
              0.4064016342163086
            ],
            [
              "blocks.7.mlp",
              0.4215339124202728
            ],
            [
              "blocks.8.mlp",
              0.4405445456504822
            ],
            [
              "blocks.9.mlp",
              0.4457758367061615
            ],
            [
              "blocks.10.mlp",
              0.4382886290550232
            ],
            [
              "blocks.11.mlp",
              0.4503249526023865
            ]
          ]
        ],
        [
          400,
          [
            [
              "blocks.0.mlp",
              0.6429036855697632
            ],
            [
              "blocks.1.mlp",
              0.6598384380340576
            ],
            [
              "blocks.2.mlp",
              0.4466957449913025
            ],
            [
              "blocks.3.mlp",
              0.29862844944000244
            ],
            [
              "blocks.4.mlp",
              0.31485500931739807
            ],
            [
              "blocks.5.mlp",
              0.34169232845306396
            ],
            [
              "blocks.6.mlp",
              0.38653939962387085
            ],
            [
              "blocks.7.mlp",
              0.403766393661499
            ],
            [
              "blocks.8.mlp",
              0.42545437812805176
            ],
            [
              "blocks.9.mlp",
              0.43852782249450684
            ],
            [
              "blocks.10.mlp",
              0.4296134412288666
            ],
            [
              "blocks.11.mlp",
              0.4426984190940857
            ]
          ]
        ],
        [
          500,
          [
            [
              "blocks.0.mlp",
              0.7063937187194824
            ],
            [
              "blocks.1.mlp",
              0.6956350207328796
            ],
            [
              "blocks.2.mlp",
              0.5004936456680298
            ],
            [
              "blocks.3.mlp",
              0.30374160408973694
            ],
            [
              "blocks.4.mlp",
              0.3056807518005371
            ],
            [
              "blocks.5.mlp",
              0.3355259895324707
            ],
            [
              "blocks.6.mlp",
              0.37964844703674316
            ],
            [
              "blocks.7.mlp",
              0.40177226066589355
            ],
            [
              "blocks.8.mlp",
              0.42165467143058777
            ],
            [
              "blocks.9.mlp",
              0.43788355588912964
            ],
            [
              "blocks.10.mlp",
              0.42843708395957947
            ],
            [
              "blocks.11.mlp",
              0.43972790241241455
            ]
          ]
        ],
        [
          600,
          [
            [
              "blocks.0.mlp",
              0.727019190788269
            ],
            [
              "blocks.1.mlp",
