{
  "relu2_s1t0_muon": [
    {
      "val_loss": [
        [
          0,
          351.26295166015626
        ],
        [
          100,
          37.99220924377441
        ],
        [
          200,
          27.1922815322876
        ],
        [
          300,
          17.286378383636475
        ],
        [
          400,
          11.743971681594848
        ],
        [
          500,
          9.688583326339721
        ],
        [
          600,
          8.58464879989624
        ],
        [
          700,
          8.121513438224792
        ],
        [
          800,
          7.906665229797364
        ],
        [
          900,
          7.734129548072815
        ],
        [
          999,
          7.733616304397583
        ]
      ],
      "trilu_params": [],
      "dead_zones": [
        [
          0,
          [
            [
              "blocks.0.mlp",
              0.5005800724029541
            ],
            [
              "blocks.1.mlp",
              0.5004316568374634
            ],
            [
              "blocks.2.mlp",
              0.4983444809913635
            ],
            [
              "blocks.3.mlp",
              0.4957880675792694
            ],
            [
              "blocks.4.mlp",
              0.5010107755661011
            ],
            [
              "blocks.5.mlp",
              0.4962701201438904
            ],
            [
              "blocks.6.mlp",
              0.49572867155075073
            ],
            [
              "blocks.7.mlp",
              0.5023519992828369
            ],
            [
              "blocks.8.mlp",
              0.5023348927497864
            ],
            [
              "blocks.9.mlp",
              0.5020473003387451
            ],
            [
              "blocks.10.mlp",
              0.5021867752075195
            ],
            [
              "blocks.11.mlp",
              0.49535071849823
            ]
          ]
        ],
        [
          100,
          [
            [
              "blocks.0.mlp",
              0.5075186491012573
            ],
            [
              "blocks.1.mlp",
              0.4654008746147156
            ],
            [
              "blocks.2.mlp",
              0.45734572410583496
            ],
            [
              "blocks.3.mlp",
              0.463135302066803
            ],
            [
              "blocks.4.mlp",
              0.4612985849380493
            ],
            [
              "blocks.5.mlp",
              0.4542025923728943
            ],
            [
              "blocks.6.mlp",
              0.47189781069755554
            ],
            [
              "blocks.7.mlp",
              0.4736391007900238
            ],
            [
              "blocks.8.mlp",
              0.4945833086967468
            ],
            [
              "blocks.9.mlp",
              0.49399858713150024
            ],
            [
              "blocks.10.mlp",
              0.4925203323364258
            ],
            [
              "blocks.11.mlp",
              0.49224114418029785
            ]
          ]
        ],
        [
          200,
          [
            [
              "blocks.0.mlp",
              0.5366049408912659
            ],
            [
              "blocks.1.mlp",
              0.562401294708252
            ],
            [
              "blocks.2.mlp",
              0.45723220705986023
            ],
            [
              "blocks.3.mlp",
              0.39567214250564575
            ],
            [
              "blocks.4.mlp",
              0.3857146203517914
            ],
            [
              "blocks.5.mlp",
              0.38838309049606323
            ],
            [
              "blocks.6.mlp",
              0.4088554382324219
            ],
            [
              "blocks.7.mlp",
              0.41896653175354004
            ],
            [
              "blocks.8.mlp",
              0.4406411647796631
            ],
            [
              "blocks.9.mlp",
              0.4456655979156494
            ],
            [
              "blocks.10.mlp",
              0.4395616054534912
            ],
            [
              "blocks.11.mlp",
              0.4482015073299408
            ]
          ]
        ],
        [
          300,
          [
            [
              "blocks.0.mlp",
              0.700572669506073
            ],
            [
              "blocks.1.mlp",
              0.6528278589248657
            ],
            [
              "blocks.2.mlp",
              0.42962250113487244
            ],
            [
              "blocks.3.mlp",
              0.28614991903305054
            ],
            [
              "blocks.4.mlp",
              0.2968156933784485
            ],
            [
              "blocks.5.mlp",
              0.32303401827812195
            ],
            [
              "blocks.6.mlp",
              0.3511691093444824
            ],
            [
              "blocks.7.mlp",
              0.37745773792266846
            ],
            [
              "blocks.8.mlp",
              0.3978975713253021
            ],
            [
              "blocks.9.mlp",
              0.4085022211074829
            ],
            [
              "blocks.10.mlp",
              0.4069966971874237
            ],
            [
              "blocks.11.mlp",
              0.41910719871520996
            ]
          ]
        ],
        [
          400,
          [
            [
              "blocks.0.mlp",
              0.7757663726806641
            ],
            [
              "blocks.1.mlp",
              0.708589494228363
            ],
            [
              "blocks.2.mlp",
              0.5504720211029053
            ],
            [
              "blocks.3.mlp",
              0.2608634829521179
            ],
            [
              "blocks.4.mlp",
              0.269084095954895
            ],
            [
              "blocks.5.mlp",
              0.3026200532913208
            ],
            [
              "blocks.6.mlp",
              0.3344070315361023
            ],
            [
              "blocks.7.mlp",
              0.3646542727947235
            ],
            [
              "blocks.8.mlp",
              0.382915735244751
            ],
            [
              "blocks.9.mlp",
              0.40142473578453064
            ],
            [
              "blocks.10.mlp",
              0.39777204394340515
            ],
            [
              "blocks.11.mlp",
              0.4183283746242523
            ]
          ]
        ],
        [
          500,
          [
            [
              "blocks.0.mlp",
              0.7971207499504089
            ],
            [
              "blocks.1.mlp",
              0.7402827143669128
            ],
            [
              "blocks.2.mlp",
              0.6014882326126099
            ],
            [
              "blocks.3.mlp",
              0.26928481459617615
            ],
            [
              "blocks.4.mlp",
              0.2620072662830353
            ],
            [
              "blocks.5.mlp",
              0.29496121406555176
            ],
            [
              "blocks.6.mlp",
              0.3262826204299927
            ],
            [
              "blocks.7.mlp",
              0.3576448857784271
            ],
            [
              "blocks.8.mlp",
              0.38086724281311035
            ],
            [
              "blocks.9.mlp",
              0.4018065333366394
            ],
            [
              "blocks.10.mlp",
              0.39989256858825684
            ],
            [
              "blocks.11.mlp",
              0.419442355632782
            ]
          ]
        ],
        [
          600,
          [
            [
              "blocks.0.mlp",
              0.7981030941009521
            ],
            [
              "blocks.1.mlp",
