{
  "bilinear_muon": [
    {
      "val_loss": [
        [
          0,
          488.94794311523435
        ],
        [
          100,
          137.84053726196288
        ],
        [
          200,
          34.20402011871338
        ],
        [
          300,
          20.651821899414063
        ],
        [
          400,
          12.97921872138977
        ],
        [
          500,
          10.156971120834351
        ],
        [
          600,
          8.83575792312622
        ],
        [
          700,
          8.320894455909729
        ],
        [
          800,
          8.067111253738403
        ],
        [
          900,
          7.899427843093872
        ],
        [
          999,
          7.8885620594024655
        ]
      ],
      "trilu_params": [],
      "dead_zones": [
        [
          0,
          [
            [
              "blocks.0.mlp",
              0.0017802119255065918
            ],
            [
              "blocks.1.mlp",
              0.0017670989036560059
            ],
            [
              "blocks.2.mlp",
              0.001747429370880127
            ],
            [
              "blocks.3.mlp",
              0.0017577707767486572
            ],
            [
              "blocks.4.mlp",
              0.0017641782760620117
            ],
            [
              "blocks.5.mlp",
              0.0017667412757873535
            ],
            [
              "blocks.6.mlp",
              0.0017566680908203125
            ],
            [
              "blocks.7.mlp",
              0.0017622113227844238
            ],
            [
              "blocks.8.mlp",
              0.0017520487308502197
            ],
            [
              "blocks.9.mlp",
              0.0017626285552978516
            ],
            [
              "blocks.10.mlp",
              0.001749962568283081
            ],
            [
              "blocks.11.mlp",
              0.001757204532623291
            ]
          ]
        ],
        [
          100,
          [
            [
              "blocks.0.mlp",
              0.001683950424194336
            ],
            [
              "blocks.1.mlp",
              0.0016783475875854492
            ],
            [
              "blocks.2.mlp",
              0.0016723871231079102
            ],
            [
              "blocks.3.mlp",
              0.0016770660877227783
            ],
            [
              "blocks.4.mlp",
              0.0016737580299377441
            ],
            [
              "blocks.5.mlp",
              0.0016242265701293945
            ],
            [
              "blocks.6.mlp",
              0.0016536116600036621
            ],
            [
              "blocks.7.mlp",
              0.0016136467456817627
            ],
            [
              "blocks.8.mlp",
              0.0016301870346069336
            ],
            [
              "blocks.9.mlp",
              0.0015761256217956543
            ],
            [
              "blocks.10.mlp",
              0.0016030073165893555
            ],
            [
              "blocks.11.mlp",
              0.0015740692615509033
            ]
          ]
        ],
        [
          200,
          [
            [
              "blocks.0.mlp",
              0.0015743374824523926
            ],
            [
              "blocks.1.mlp",
              0.0013406574726104736
            ],
            [
              "blocks.2.mlp",
              0.0011939406394958496
            ],
            [
              "blocks.3.mlp",
              0.0010511279106140137
            ],
            [
              "blocks.4.mlp",
              0.0012044906616210938
            ],
            [
              "blocks.5.mlp",
              0.001269221305847168
            ],
            [
              "blocks.6.mlp",
              0.0012400150299072266
            ],
            [
              "blocks.7.mlp",
              0.0012141764163970947
            ],
            [
              "blocks.8.mlp",
              0.0012183189392089844
            ],
            [
              "blocks.9.mlp",
              0.001594632863998413
            ],
            [
              "blocks.10.mlp",
              0.0012927055358886719
            ],
            [
              "blocks.11.mlp",
              0.0016980469226837158
            ]
          ]
        ],
        [
          300,
          [
            [
              "blocks.0.mlp",
              0.0013563334941864014
            ],
            [
              "blocks.1.mlp",
              0.0011563599109649658
            ],
            [
              "blocks.2.mlp",
              0.0010345876216888428
            ],
            [
              "blocks.3.mlp",
              0.000873863697052002
            ],
            [
              "blocks.4.mlp",
              0.0010010600090026855
            ],
            [
              "blocks.5.mlp",
              0.0011265575885772705
            ],
            [
              "blocks.6.mlp",
              0.0010911226272583008
            ],
            [
              "blocks.7.mlp",
              0.0013019740581512451
            ],
            [
              "blocks.8.mlp",
              0.0012416541576385498
            ],
            [
              "blocks.9.mlp",
              0.0012756288051605225
            ],
            [
              "blocks.10.mlp",
              0.0012988746166229248
            ],
            [
              "blocks.11.mlp",
              0.0015468895435333252
            ]
          ]
        ],
        [
          400,
          [
            [
              "blocks.0.mlp",
              0.0012688934803009033
            ],
            [
              "blocks.1.mlp",
              0.0011365115642547607
            ],
            [
              "blocks.2.mlp",
              0.001087784767150879
            ],
            [
              "blocks.3.mlp",
              0.0008134543895721436
            ],
            [
              "blocks.4.mlp",
              0.000822216272354126
            ],
            [
              "blocks.5.mlp",
              0.0010618269443511963
            ],
            [
              "blocks.6.mlp",
              0.0010501742362976074
            ],
            [
              "blocks.7.mlp",
              0.0012526512145996094
            ],
            [
              "blocks.8.mlp",
              0.0013089179992675781
            ],
            [
              "blocks.9.mlp",
              0.0014448463916778564
            ],
            [
              "blocks.10.mlp",
              0.0013968944549560547
            ],
            [
              "blocks.11.mlp",
              0.0010552704334259033
            ]
          ]
        ],
        [
          500,
          [
            [
              "blocks.0.mlp",
              0.0012086927890777588
            ],
            [
              "blocks.1.mlp",
              0.0010898709297180176
            ],
            [
              "blocks.2.mlp",
              0.0011551082134246826
            ],
            [
              "blocks.3.mlp",
              0.0008194148540496826
            ],
            [
              "blocks.4.mlp",
              0.0007683634757995605
            ],
            [
              "blocks.5.mlp",
              0.0009799599647521973
            ],
            [
              "blocks.6.mlp",
              0.000981360673904419
            ],
            [
              "blocks.7.mlp",
              0.0012756288051605225
            ],
            [
              "blocks.8.mlp",
              0.001420050859451294
            ],
            [
              "blocks.9.mlp",
              0.0013099610805511475
            ],
            [
              "blocks.10.mlp",
              0.00104483962059021
            ],
            [
              "blocks.11.mlp",
              0.0011699199676513672
            ]
          ]
