{
  "relu2_muon": [
    {
      "val_loss": [
        [
          0,
          464.3403610229492
        ],
        [
          100,
          90.88901863098144
        ],
        [
          200,
          31.773036670684814
        ],
        [
          300,
          19.413111400604247
        ],
        [
          400,
          12.51453094482422
        ],
        [
          500,
          9.98100504875183
        ],
        [
          600,
          8.715565729141236
        ],
        [
          700,
          8.225779104232789
        ],
        [
          800,
          7.973886275291443
        ],
        [
          900,
          7.808552551269531
        ],
        [
          999,
          7.824367833137512
        ]
      ],
      "trilu_params": [],
      "dead_zones": [
        [
          0,
          [
            [
              "blocks.0.mlp",
              0.5074038505554199
            ],
            [
              "blocks.1.mlp",
              0.5072945356369019
            ],
            [
              "blocks.2.mlp",
              0.5063968896865845
            ],
            [
              "blocks.3.mlp",
              0.5045139193534851
            ],
            [
              "blocks.4.mlp",
              0.5070745348930359
            ],
            [
              "blocks.5.mlp",
              0.5052613615989685
            ],
            [
              "blocks.6.mlp",
              0.5054839253425598
            ],
            [
              "blocks.7.mlp",
              0.5085480213165283
            ],
            [
              "blocks.8.mlp",
              0.5089864134788513
            ],
            [
              "blocks.9.mlp",
              0.5079578161239624
            ],
            [
              "blocks.10.mlp",
              0.5084273219108582
            ],
            [
              "blocks.11.mlp",
              0.5054243803024292
            ]
          ]
        ],
        [
          100,
          [
            [
              "blocks.0.mlp",
              0.5071530342102051
            ],
            [
              "blocks.1.mlp",
              0.503058135509491
            ],
            [
              "blocks.2.mlp",
              0.49912723898887634
            ],
            [
              "blocks.3.mlp",
              0.49239835143089294
            ],
            [
              "blocks.4.mlp",
              0.49450016021728516
            ],
            [
              "blocks.5.mlp",
              0.48859554529190063
            ],
            [
              "blocks.6.mlp",
              0.48977911472320557
            ],
            [
              "blocks.7.mlp",
              0.49305248260498047
            ],
            [
              "blocks.8.mlp",
              0.5012106895446777
            ],
            [
              "blocks.9.mlp",
              0.4867955148220062
            ],
            [
              "blocks.10.mlp",
              0.4930383563041687
            ],
            [
              "blocks.11.mlp",
              0.49244922399520874
            ]
          ]
        ],
        [
          200,
          [
            [
              "blocks.0.mlp",
              0.5034642219543457
            ],
            [
              "blocks.1.mlp",
              0.4447306990623474
            ],
            [
              "blocks.2.mlp",
              0.4180094599723816
            ],
            [
              "blocks.3.mlp",
              0.41854509711265564
            ],
            [
              "blocks.4.mlp",
              0.4378795027732849
            ],
            [
              "blocks.5.mlp",
              0.44113487005233765
            ],
            [
              "blocks.6.mlp",
              0.45626765489578247
            ],
            [
              "blocks.7.mlp",
              0.47131049633026123
            ],
            [
              "blocks.8.mlp",
              0.47920823097229004
            ],
            [
              "blocks.9.mlp",
              0.4828067421913147
            ],
            [
              "blocks.10.mlp",
              0.4838545322418213
            ],
            [
              "blocks.11.mlp",
              0.48468491435050964
            ]
          ]
        ],
        [
          300,
          [
            [
              "blocks.0.mlp",
              0.5055789947509766
            ],
            [
              "blocks.1.mlp",
              0.4551910161972046
            ],
            [
              "blocks.2.mlp",
              0.3920881748199463
            ],
            [
              "blocks.3.mlp",
              0.37792372703552246
            ],
            [
              "blocks.4.mlp",
              0.40806061029434204
            ],
            [
              "blocks.5.mlp",
              0.42461153864860535
            ],
            [
              "blocks.6.mlp",
              0.4450136125087738
            ],
            [
              "blocks.7.mlp",
              0.4629785418510437
            ],
            [
              "blocks.8.mlp",
              0.47524842619895935
            ],
            [
              "blocks.9.mlp",
              0.4752342402935028
            ],
            [
              "blocks.10.mlp",
              0.48213624954223633
            ],
            [
              "blocks.11.mlp",
              0.4866371750831604
            ]
          ]
        ],
        [
          400,
          [
            [
              "blocks.0.mlp",
              0.5092921257019043
            ],
            [
              "blocks.1.mlp",
              0.47865432500839233
            ],
            [
              "blocks.2.mlp",
              0.37548398971557617
            ],
            [
              "blocks.3.mlp",
              0.34374433755874634
            ],
            [
              "blocks.4.mlp",
              0.38679641485214233
            ],
            [
              "blocks.5.mlp",
              0.41152939200401306
            ],
            [
              "blocks.6.mlp",
              0.4372848868370056
            ],
            [
              "blocks.7.mlp",
              0.4556314945220947
            ],
            [
              "blocks.8.mlp",
              0.47136175632476807
            ],
            [
              "blocks.9.mlp",
              0.4753647744655609
            ],
            [
              "blocks.10.mlp",
              0.478939950466156
            ],
            [
              "blocks.11.mlp",
              0.48154985904693604
            ]
          ]
        ],
        [
          500,
          [
            [
              "blocks.0.mlp",
              0.5122108459472656
            ],
            [
              "blocks.1.mlp",
              0.49846428632736206
            ],
            [
              "blocks.2.mlp",
              0.393176794052124
            ],
            [
              "blocks.3.mlp",
              0.32621389627456665
            ],
            [
              "blocks.4.mlp",
              0.37440747022628784
            ],
            [
              "blocks.5.mlp",
              0.40232986211776733
            ],
            [
              "blocks.6.mlp",
              0.4327351748943329
            ],
            [
              "blocks.7.mlp",
              0.45550596714019775
            ],
            [
              "blocks.8.mlp",
              0.46809422969818115
            ],
            [
              "blocks.9.mlp",
              0.47887128591537476
            ],
            [
              "blocks.10.mlp",
              0.47767138481140137
            ],
            [
              "blocks.11.mlp",
              0.47924870252609253
            ]
          ]
        ],
        [
          600,
          [
            [
              "blocks.0.mlp",
              0.5136743783950806
            ],
            [
              "blocks.1.mlp",
