{
  "xglu_s1t0_muon": [
    {
      "val_loss": [
        [
          0,
          397.72201080322264
        ],
        [
          100,
          46.77255821228027
        ],
        [
          200,
          29.456247806549072
        ],
        [
          300,
          18.708284282684325
        ],
        [
          400,
          12.47772536277771
        ],
        [
          500,
          9.998771905899048
        ],
        [
          600,
          8.783360147476197
        ],
        [
          700,
          8.263362383842468
        ],
        [
          800,
          8.05631468296051
        ],
        [
          900,
          7.842442774772644
        ],
        [
          999,
          7.846156597137451
        ]
      ],
      "trilu_params": [],
      "dead_zones": [
        [
          0,
          [
            [
              "blocks.0.mlp",
              0.001683354377746582
            ],
            [
              "blocks.1.mlp",
              0.0016687214374542236
            ],
            [
              "blocks.2.mlp",
              0.0016653239727020264
            ],
            [
              "blocks.3.mlp",
              0.0016563236713409424
            ],
            [
              "blocks.4.mlp",
              0.0016594529151916504
            ],
            [
              "blocks.5.mlp",
              0.0016655027866363525
            ],
            [
              "blocks.6.mlp",
              0.0016568899154663086
            ],
            [
              "blocks.7.mlp",
              0.0016703009605407715
            ],
            [
              "blocks.8.mlp",
              0.0016637444496154785
            ],
            [
              "blocks.9.mlp",
              0.0016568303108215332
            ],
            [
              "blocks.10.mlp",
              0.0016610026359558105
            ],
            [
              "blocks.11.mlp",
              0.00165596604347229
            ]
          ]
        ],
        [
          100,
          [
            [
              "blocks.0.mlp",
              0.0015555918216705322
            ],
            [
              "blocks.1.mlp",
              0.0015234053134918213
            ],
            [
              "blocks.2.mlp",
              0.0015338659286499023
            ],
            [
              "blocks.3.mlp",
              0.0014792382717132568
            ],
            [
              "blocks.4.mlp",
              0.0014967918395996094
            ],
            [
              "blocks.5.mlp",
              0.0014666914939880371
            ],
            [
              "blocks.6.mlp",
              0.0014088153839111328
            ],
            [
              "blocks.7.mlp",
              0.0014689862728118896
            ],
            [
              "blocks.8.mlp",
              0.001415848731994629
            ],
            [
              "blocks.9.mlp",
              0.001352757215499878
            ],
            [
              "blocks.10.mlp",
              0.0012918710708618164
            ],
            [
              "blocks.11.mlp",
              0.0015630722045898438
            ]
          ]
        ],
        [
          200,
          [
            [
              "blocks.0.mlp",
              0.0013785362243652344
            ],
            [
              "blocks.1.mlp",
              0.0013078153133392334
            ],
            [
              "blocks.2.mlp",
              0.0012805163860321045
            ],
            [
              "blocks.3.mlp",
              0.0011719167232513428
            ],
            [
              "blocks.4.mlp",
              0.001113206148147583
            ],
            [
              "blocks.5.mlp",
              0.0013014376163482666
            ],
            [
              "blocks.6.mlp",
              0.001107722520828247
            ],
            [
              "blocks.7.mlp",
              0.001150369644165039
            ],
            [
              "blocks.8.mlp",
              0.0012649595737457275
            ],
            [
              "blocks.9.mlp",
              0.0012735426425933838
            ],
            [
              "blocks.10.mlp",
              0.00124281644821167
            ],
            [
              "blocks.11.mlp",
              0.0014950335025787354
            ]
          ]
        ],
        [
          300,
          [
            [
              "blocks.0.mlp",
              0.0011742711067199707
            ],
            [
              "blocks.1.mlp",
              0.0016897320747375488
            ],
            [
              "blocks.2.mlp",
              0.0013418495655059814
            ],
            [
              "blocks.3.mlp",
              0.0010949671268463135
            ],
            [
              "blocks.4.mlp",
              0.000986933708190918
            ],
            [
              "blocks.5.mlp",
              0.001201927661895752
            ],
            [
              "blocks.6.mlp",
              0.001074761152267456
            ],
            [
              "blocks.7.mlp",
              0.0011678636074066162
            ],
            [
              "blocks.8.mlp",
              0.0011361539363861084
            ],
            [
              "blocks.9.mlp",
              0.0011880099773406982
            ],
            [
              "blocks.10.mlp",
              0.0012583136558532715
            ],
            [
              "blocks.11.mlp",
              0.0013306736946105957
            ]
          ]
        ],
        [
          400,
          [
            [
              "blocks.0.mlp",
              0.0010732412338256836
            ],
            [
              "blocks.1.mlp",
              0.00207403302192688
            ],
            [
              "blocks.2.mlp",
              0.001537322998046875
            ],
            [
              "blocks.3.mlp",
              0.0009803175926208496
            ],
            [
              "blocks.4.mlp",
              0.0009379386901855469
            ],
            [
              "blocks.5.mlp",
              0.0009915530681610107
            ],
            [
              "blocks.6.mlp",
              0.0011057555675506592
            ],
            [
              "blocks.7.mlp",
              0.0015045404434204102
            ],
            [
              "blocks.8.mlp",
              0.0009759366512298584
            ],
            [
              "blocks.9.mlp",
              0.0014963746070861816
            ],
            [
              "blocks.10.mlp",
              0.0009366273880004883
            ],
            [
              "blocks.11.mlp",
              0.0010920464992523193
            ]
          ]
        ],
        [
          500,
          [
            [
              "blocks.0.mlp",
              0.0010461211204528809
            ],
            [
              "blocks.1.mlp",
              0.0020523369312286377
            ],
            [
              "blocks.2.mlp",
              0.0017888844013214111
            ],
            [
              "blocks.3.mlp",
              0.0009496808052062988
            ],
            [
              "blocks.4.mlp",
              0.0008630156517028809
            ],
            [
              "blocks.5.mlp",
              0.0010052323341369629
            ],
            [
              "blocks.6.mlp",
              0.001129239797592163
            ],
            [
              "blocks.7.mlp",
              0.0012399852275848389
            ],
            [
              "blocks.8.mlp",
              0.001137077808380127
            ],
            [
              "blocks.9.mlp",
              0.001393139362335205
            ],
            [
              "blocks.10.mlp",
              0.0011740922927856445
            ],
            [
              "blocks.11.mlp",
              0.0010390281677246094
            ]
          ]
        ],
