{
  "relu2_muon": [
    {
      "val_loss": [
        [
          0,
          464.1025665283203
        ],
        [
          100,
          40.87070140838623
        ],
        [
          200,
          28.049520683288574
        ],
        [
          300,
          17.824946689605714
        ],
        [
          400,
          12.006503629684449
        ],
        [
          500,
          9.792843246459961
        ],
        [
          600,
          8.639774513244628
        ],
        [
          700,
          8.190734338760375
        ],
        [
          800,
          7.9701515436172485
        ],
        [
          900,
          7.789313340187073
        ],
        [
          999,
          7.797796034812928
        ]
      ],
      "trilu_params": [],
      "dead_zones": [
        [
          0,
          [
            [
              "blocks.0.mlp",
              0.5074020028114319
            ],
            [
              "blocks.1.mlp",
              0.5072939395904541
            ],
            [
              "blocks.2.mlp",
              0.5063955187797546
            ],
            [
              "blocks.3.mlp",
              0.5045180320739746
            ],
            [
              "blocks.4.mlp",
              0.5070819854736328
            ],
            [
              "blocks.5.mlp",
              0.505255937576294
            ],
            [
              "blocks.6.mlp",
              0.5054848194122314
            ],
            [
              "blocks.7.mlp",
              0.5085514187812805
            ],
            [
              "blocks.8.mlp",
              0.5089764595031738
            ],
            [
              "blocks.9.mlp",
              0.507964015007019
            ],
            [
              "blocks.10.mlp",
              0.5084165930747986
            ],
            [
              "blocks.11.mlp",
              0.5054225325584412
            ]
          ]
        ],
        [
          100,
          [
            [
              "blocks.0.mlp",
              0.5083000063896179
            ],
            [
              "blocks.1.mlp",
              0.4423466622829437
            ],
            [
              "blocks.2.mlp",
              0.4302637577056885
            ],
            [
              "blocks.3.mlp",
              0.4477846622467041
            ],
            [
              "blocks.4.mlp",
              0.45241042971611023
            ],
            [
              "blocks.5.mlp",
              0.4566602110862732
            ],
            [
              "blocks.6.mlp",
              0.46341773867607117
            ],
            [
              "blocks.7.mlp",
              0.47180530428886414
            ],
            [
              "blocks.8.mlp",
              0.4877104163169861
            ],
            [
              "blocks.9.mlp",
              0.4804588258266449
            ],
            [
              "blocks.10.mlp",
              0.4919103980064392
            ],
            [
              "blocks.11.mlp",
              0.48279500007629395
            ]
          ]
        ],
        [
          200,
          [
            [
              "blocks.0.mlp",
              0.523295521736145
            ],
            [
              "blocks.1.mlp",
              0.4372832179069519
            ],
            [
              "blocks.2.mlp",
              0.380301296710968
            ],
            [
              "blocks.3.mlp",
              0.38013893365859985
            ],
            [
              "blocks.4.mlp",
              0.3999442756175995
            ],
            [
              "blocks.5.mlp",
              0.40580710768699646
            ],
            [
              "blocks.6.mlp",
              0.4200979471206665
            ],
            [
              "blocks.7.mlp",
              0.44290852546691895
            ],
            [
              "blocks.8.mlp",
              0.45887264609336853
            ],
            [
              "blocks.9.mlp",
              0.45529934763908386
            ],
            [
              "blocks.10.mlp",
              0.4643188416957855
            ],
            [
              "blocks.11.mlp",
              0.4681437909603119
            ]
          ]
        ],
        [
          300,
          [
            [
              "blocks.0.mlp",
              0.5966956615447998
            ],
            [
              "blocks.1.mlp",
              0.4550827443599701
            ],
            [
              "blocks.2.mlp",
              0.2863078713417053
            ],
            [
              "blocks.3.mlp",
              0.29542893171310425
            ],
            [
              "blocks.4.mlp",
              0.33014076948165894
            ],
            [
              "blocks.5.mlp",
              0.3521600663661957
            ],
            [
              "blocks.6.mlp",
              0.38118118047714233
            ],
            [
              "blocks.7.mlp",
              0.41194719076156616
            ],
            [
              "blocks.8.mlp",
              0.4289468228816986
            ],
            [
              "blocks.9.mlp",
              0.4358331561088562
            ],
            [
              "blocks.10.mlp",
              0.4472368359565735
            ],
            [
              "blocks.11.mlp",
              0.4524136483669281
            ]
          ]
        ],
        [
          400,
          [
            [
              "blocks.0.mlp",
              0.6680170893669128
            ],
            [
              "blocks.1.mlp",
              0.498462051153183
            ],
            [
              "blocks.2.mlp",
              0.3137139081954956
            ],
            [
              "blocks.3.mlp",
              0.2591426372528076
            ],
            [
              "blocks.4.mlp",
              0.30605271458625793
            ],
            [
              "blocks.5.mlp",
              0.33386465907096863
            ],
            [
              "blocks.6.mlp",
              0.3704196810722351
            ],
            [
              "blocks.7.mlp",
              0.40239056944847107
            ],
            [
              "blocks.8.mlp",
              0.419637531042099
            ],
            [
              "blocks.9.mlp",
              0.43437060713768005
            ],
            [
              "blocks.10.mlp",
              0.4474817216396332
            ],
            [
              "blocks.11.mlp",
              0.44952112436294556
            ]
          ]
        ],
        [
          500,
          [
            [
              "blocks.0.mlp",
              0.6967400312423706
            ],
            [
              "blocks.1.mlp",
              0.5524032115936279
            ],
            [
              "blocks.2.mlp",
              0.3592451810836792
            ],
            [
              "blocks.3.mlp",
              0.24792055785655975
            ],
            [
              "blocks.4.mlp",
              0.29580020904541016
            ],
            [
              "blocks.5.mlp",
              0.32670852541923523
            ],
            [
              "blocks.6.mlp",
              0.36484694480895996
            ],
            [
              "blocks.7.mlp",
              0.3995469808578491
            ],
            [
              "blocks.8.mlp",
              0.41880127787590027
            ],
            [
              "blocks.9.mlp",
              0.4348832070827484
            ],
            [
              "blocks.10.mlp",
              0.45090508460998535
            ],
            [
              "blocks.11.mlp",
              0.45713406801223755
            ]
          ]
        ],
        [
          600,
          [
            [
              "blocks.0.mlp",
              0.7013532519340515
            ],
            [
              "blocks.1.mlp",
