{
  "eluquad_muon": [
    {
      "val_loss": [
        [
          0,
          347.04132690429685
        ],
        [
          100,
          83.07400856018066
        ],
        [
          200,
          30.06686544418335
        ],
        [
          300,
          18.09851427078247
        ],
        [
          400,
          11.753995180130005
        ],
        [
          500,
          9.654408025741578
        ],
        [
          600,
          8.546890878677369
        ],
        [
          700,
          8.128955268859864
        ],
        [
          800,
          7.924450945854187
        ],
        [
          900,
          7.761183643341065
        ],
        [
          999,
          7.77400164604187
        ]
      ],
      "trilu_params": [],
      "dead_zones": [
        [
          0,
          [
            [
              "blocks.0.mlp",
              0.000135680049424991
            ],
            [
              "blocks.1.mlp",
              0.00013585886335931718
            ],
            [
              "blocks.2.mlp",
              0.00014193853712640703
            ],
            [
              "blocks.3.mlp",
              0.00013810396194458008
            ],
            [
              "blocks.4.mlp",
              0.00014098486281000078
            ],
            [
              "blocks.5.mlp",
              0.00013943514204584062
            ],
            [
              "blocks.6.mlp",
              0.00013750791549682617
            ],
            [
              "blocks.7.mlp",
              0.0001371105608996004
            ],
            [
              "blocks.8.mlp",
              0.00014084577560424805
            ],
            [
              "blocks.9.mlp",
              0.00013927619147580117
            ],
            [
              "blocks.10.mlp",
              0.00014136235404293984
            ],
            [
              "blocks.11.mlp",
              0.00014130274939816445
            ]
          ]
        ],
        [
          100,
          [
            [
              "blocks.0.mlp",
              0.00013627609587274492
            ],
            [
              "blocks.1.mlp",
              0.0001346866338280961
            ],
            [
              "blocks.2.mlp",
              0.00013627609587274492
            ],
            [
              "blocks.3.mlp",
              0.00013558070349972695
            ],
            [
              "blocks.4.mlp",
              0.00013494491577148438
            ],
            [
              "blocks.5.mlp",
              0.0001329183578491211
            ],
            [
              "blocks.6.mlp",
              0.00013305744505487382
            ],
            [
              "blocks.7.mlp",
              0.00013424953795038164
            ],
            [
              "blocks.8.mlp",
              0.00013381242752075195
            ],
            [
              "blocks.9.mlp",
              0.0001300176081713289
            ],
            [
              "blocks.10.mlp",
              0.00013812383986078203
            ],
            [
              "blocks.11.mlp",
              0.00013564030814450234
            ]
          ]
        ],
        [
          200,
          [
            [
              "blocks.0.mlp",
              0.00013472637510858476
            ],
            [
              "blocks.1.mlp",
              0.00013363361358642578
            ],
            [
              "blocks.2.mlp",
              0.0001308917999267578
            ],
            [
              "blocks.3.mlp",
              0.00012902419257443398
            ],
            [
              "blocks.4.mlp",
              0.00013299784041009843
            ],
            [
              "blocks.5.mlp",
              0.00013307730841916054
            ],
            [
              "blocks.6.mlp",
              0.00013289849448483437
            ],
            [
              "blocks.7.mlp",
              0.00012175242591183633
            ],
            [
              "blocks.8.mlp",
              0.00012656053877435625
            ],
            [
              "blocks.9.mlp",
              0.00012306372809689492
            ],
            [
              "blocks.10.mlp",
              0.00012989839888177812
            ],
            [
              "blocks.11.mlp",
              0.00012834867811761796
            ]
          ]
        ],
        [
          300,
          [
            [
              "blocks.0.mlp",
              0.00012918314314447343
            ],
            [
              "blocks.1.mlp",
              0.00013222298002801836
            ],
            [
              "blocks.2.mlp",
              0.00013540188956540078
            ],
            [
              "blocks.3.mlp",
              0.00012848775077145547
            ],
            [
              "blocks.4.mlp",
              0.00012767314910888672
            ],
            [
              "blocks.5.mlp",
              0.00013172626495361328
            ],
            [
              "blocks.6.mlp",
              0.00013754765677731484
            ],
            [
              "blocks.7.mlp",
              0.000118255615234375
            ],
            [
              "blocks.8.mlp",
              0.00011944770812988281
            ],
            [
              "blocks.9.mlp",
              0.00012473265815060586
            ],
            [
              "blocks.10.mlp",
              0.0001206199376611039
            ],
            [
              "blocks.11.mlp",
              0.00012002389121335
            ]
          ]
        ],
        [
          400,
          [
            [
              "blocks.0.mlp",
              0.0001275738177355379
            ],
            [
              "blocks.1.mlp",
              0.00012934207916259766
            ],
            [
              "blocks.2.mlp",
              0.00013677279639523476
            ],
            [
              "blocks.3.mlp",
              0.00012622277426999062
            ],
            [
              "blocks.4.mlp",
              0.00012675921607296914
            ],
            [
              "blocks.5.mlp",
              0.0001357396540697664
            ],
            [
              "blocks.6.mlp",
              0.00013657411909662187
            ],
            [
              "blocks.7.mlp",
              0.00012254714965820312
            ],
            [
              "blocks.8.mlp",
              0.00010838111484190449
            ],
            [
              "blocks.9.mlp",
              0.00014024972915649414
            ],
            [
              "blocks.10.mlp",
              0.00010204315185546875
            ],
            [
              "blocks.11.mlp",
              0.00011712312698364258
            ]
          ]
        ],
        [
          500,
          [
            [
              "blocks.0.mlp",
              0.00013063351798336953
            ],
            [
              "blocks.1.mlp",
              0.0001295606343774125
            ],
            [
              "blocks.2.mlp",
              0.0001371304242638871
            ],
            [
              "blocks.3.mlp",
              0.00012926261115353554
            ],
            [
              "blocks.4.mlp",
              0.00012832880020141602
            ],
            [
              "blocks.5.mlp",
              0.0001333753316430375
            ],
            [
              "blocks.6.mlp",
              0.00013434886932373047
            ],
            [
              "blocks.7.mlp",
              0.00012518963194452226
            ],
            [
              "blocks.8.mlp",
              0.0001150369644165039
            ],
            [
              "blocks.9.mlp",
              0.00014022986579220742
            ],
            [
              "blocks.10.mlp",
              0.00012242794036865234
            ],
            [
              "blocks.11.mlp",
