{
  "reglu_s1t0_muon": [
    {
      "val_loss": [
        [
          0,
          452.82959442138673
        ],
        [
          100,
          217.3336410522461
        ],
        [
          200,
          38.99198665618896
        ],
        [
          300,
          22.412695693969727
        ],
        [
          400,
          13.947223901748657
        ],
        [
          500,
          10.660359573364257
        ],
        [
          600,
          9.196840620040893
        ],
        [
          700,
          8.592943811416626
        ],
        [
          800,
          8.302829623222351
        ],
        [
          900,
          8.11741499900818
        ],
        [
          999,
          8.09450387954712
        ]
      ],
      "trilu_params": [],
      "dead_zones": [
        [
          0,
          [
            [
              "blocks.0.mlp",
              0.5016449689865112
            ],
            [
              "blocks.1.mlp",
              0.5008514523506165
            ],
            [
              "blocks.2.mlp",
              0.5014529228210449
            ],
            [
              "blocks.3.mlp",
              0.5001394748687744
            ],
            [
              "blocks.4.mlp",
              0.4999735355377197
            ],
            [
              "blocks.5.mlp",
              0.5005431175231934
            ],
            [
              "blocks.6.mlp",
              0.5017812252044678
            ],
            [
              "blocks.7.mlp",
              0.5002899169921875
            ],
            [
              "blocks.8.mlp",
              0.5031498670578003
            ],
            [
              "blocks.9.mlp",
              0.5005120038986206
            ],
            [
              "blocks.10.mlp",
              0.500464141368866
            ],
            [
              "blocks.11.mlp",
              0.5014061331748962
            ]
          ]
        ],
        [
          100,
          [
            [
              "blocks.0.mlp",
              0.500428318977356
            ],
            [
              "blocks.1.mlp",
              0.4986046850681305
            ],
            [
              "blocks.2.mlp",
              0.49828243255615234
            ],
            [
              "blocks.3.mlp",
              0.4937664568424225
            ],
            [
              "blocks.4.mlp",
              0.4916950464248657
            ],
            [
              "blocks.5.mlp",
              0.4902191758155823
            ],
            [
              "blocks.6.mlp",
              0.49190768599510193
            ],
            [
              "blocks.7.mlp",
              0.48191124200820923
            ],
            [
              "blocks.8.mlp",
              0.48968759179115295
            ],
            [
              "blocks.9.mlp",
              0.4808553457260132
            ],
            [
              "blocks.10.mlp",
              0.4762403070926666
            ],
            [
              "blocks.11.mlp",
              0.4818958640098572
            ]
          ]
        ],
        [
          200,
          [
            [
              "blocks.0.mlp",
              0.4968169629573822
            ],
            [
              "blocks.1.mlp",
              0.47067388892173767
            ],
            [
              "blocks.2.mlp",
              0.4559274911880493
            ],
            [
              "blocks.3.mlp",
              0.43352586030960083
            ],
            [
              "blocks.4.mlp",
              0.43131572008132935
            ],
            [
              "blocks.5.mlp",
              0.43940481543540955
            ],
            [
              "blocks.6.mlp",
              0.4454585909843445
            ],
            [
              "blocks.7.mlp",
              0.4325023889541626
            ],
            [
              "blocks.8.mlp",
              0.44735050201416016
            ],
            [
              "blocks.9.mlp",
              0.45442068576812744
            ],
            [
              "blocks.10.mlp",
              0.43916255235671997
            ],
            [
              "blocks.11.mlp",
              0.4676234722137451
            ]
          ]
        ],
        [
          300,
          [
            [
              "blocks.0.mlp",
              0.4882247745990753
            ],
            [
              "blocks.1.mlp",
              0.41501739621162415
            ],
            [
              "blocks.2.mlp",
              0.38946259021759033
            ],
            [
              "blocks.3.mlp",
              0.37652477622032166
            ],
            [
              "blocks.4.mlp",
              0.3930200934410095
            ],
            [
              "blocks.5.mlp",
              0.42257174849510193
            ],
            [
              "blocks.6.mlp",
              0.43085965514183044
            ],
            [
              "blocks.7.mlp",
              0.4279420077800751
            ],
            [
              "blocks.8.mlp",
              0.4383605420589447
            ],
            [
              "blocks.9.mlp",
              0.45065179467201233
            ],
            [
              "blocks.10.mlp",
              0.43631866574287415
            ],
            [
              "blocks.11.mlp",
              0.4612728953361511
            ]
          ]
        ],
        [
          400,
          [
            [
              "blocks.0.mlp",
              0.48532834649086
            ],
            [
              "blocks.1.mlp",
              0.4089290201663971
            ],
            [
              "blocks.2.mlp",
              0.3721641004085541
            ],
            [
              "blocks.3.mlp",
              0.35968610644340515
            ],
            [
              "blocks.4.mlp",
              0.3844028413295746
            ],
            [
              "blocks.5.mlp",
              0.41653871536254883
            ],
            [
              "blocks.6.mlp",
              0.4332864582538605
            ],
            [
              "blocks.7.mlp",
              0.4271846115589142
            ],
            [
              "blocks.8.mlp",
              0.4393538236618042
            ],
            [
              "blocks.9.mlp",
              0.44602128863334656
            ],
            [
              "blocks.10.mlp",
              0.4338412284851074
            ],
            [
              "blocks.11.mlp",
              0.46105724573135376
            ]
          ]
        ],
        [
          500,
          [
            [
              "blocks.0.mlp",
              0.4837132394313812
            ],
            [
              "blocks.1.mlp",
              0.41282692551612854
            ],
            [
              "blocks.2.mlp",
              0.37355753779411316
            ],
            [
              "blocks.3.mlp",
              0.35363638401031494
            ],
            [
              "blocks.4.mlp",
              0.3768710792064667
            ],
            [
              "blocks.5.mlp",
              0.4107978045940399
            ],
            [
              "blocks.6.mlp",
              0.431474894285202
            ],
            [
              "blocks.7.mlp",
              0.4257656931877136
            ],
            [
              "blocks.8.mlp",
              0.4409544765949249
            ],
            [
              "blocks.9.mlp",
              0.44500595331192017
            ],
            [
              "blocks.10.mlp",
              0.43132483959198
            ],
            [
              "blocks.11.mlp",
              0.4562528431415558
            ]
          ]
        ],
        [
          600,
          [
            [
              "blocks.0.mlp",
              0.48166346549987793
            ],
            [
              "blocks.1.mlp",
