{
  "reglu_s1t0_muon": [
    {
      "val_loss": [
        [
          0,
          452.7988571166992
        ],
        [
          100,
          92.29174003601074
        ],
        [
          200,
          32.13004808425903
        ],
        [
          300,
          20.567366981506346
        ],
        [
          400,
          13.272596836090088
        ],
        [
          500,
          10.41821255683899
        ],
        [
          600,
          9.048562860488891
        ],
        [
          700,
          8.471665620803833
        ],
        [
          800,
          8.192846298217773
        ],
        [
          900,
          7.992114496231079
        ],
        [
          999,
          7.97422616481781
        ]
      ],
      "trilu_params": [],
      "dead_zones": [
        [
          0,
          [
            [
              "blocks.0.mlp",
              0.5016438364982605
            ],
            [
              "blocks.1.mlp",
              0.5008487105369568
            ],
            [
              "blocks.2.mlp",
              0.5014477968215942
            ],
            [
              "blocks.3.mlp",
              0.5001320838928223
            ],
            [
              "blocks.4.mlp",
              0.49996718764305115
            ],
            [
              "blocks.5.mlp",
              0.500544548034668
            ],
            [
              "blocks.6.mlp",
              0.5017771124839783
            ],
            [
              "blocks.7.mlp",
              0.5002853870391846
            ],
            [
              "blocks.8.mlp",
              0.5031610727310181
            ],
            [
              "blocks.9.mlp",
              0.5005303621292114
            ],
            [
              "blocks.10.mlp",
              0.5004686713218689
            ],
            [
              "blocks.11.mlp",
              0.5013974905014038
            ]
          ]
        ],
        [
          100,
          [
            [
              "blocks.0.mlp",
              0.5002050995826721
            ],
            [
              "blocks.1.mlp",
              0.49471116065979004
            ],
            [
              "blocks.2.mlp",
              0.4907078444957733
            ],
            [
              "blocks.3.mlp",
              0.47956421971321106
            ],
            [
              "blocks.4.mlp",
              0.47221481800079346
            ],
            [
              "blocks.5.mlp",
              0.4680846035480499
            ],
            [
              "blocks.6.mlp",
              0.4686141908168793
            ],
            [
              "blocks.7.mlp",
              0.45280271768569946
            ],
            [
              "blocks.8.mlp",
              0.4656507670879364
            ],
            [
              "blocks.9.mlp",
              0.45535212755203247
            ],
            [
              "blocks.10.mlp",
              0.4503175616264343
            ],
            [
              "blocks.11.mlp",
              0.4666086733341217
            ]
          ]
        ],
        [
          200,
          [
            [
              "blocks.0.mlp",
              0.4934949576854706
            ],
            [
              "blocks.1.mlp",
              0.4158162474632263
            ],
            [
              "blocks.2.mlp",
              0.40102124214172363
            ],
            [
              "blocks.3.mlp",
              0.39615997672080994
            ],
            [
              "blocks.4.mlp",
              0.4024718105792999
            ],
            [
              "blocks.5.mlp",
              0.41543543338775635
            ],
            [
              "blocks.6.mlp",
              0.4319360554218292
            ],
            [
              "blocks.7.mlp",
              0.42640700936317444
            ],
            [
              "blocks.8.mlp",
              0.4393102526664734
            ],
            [
              "blocks.9.mlp",
              0.4476775527000427
            ],
            [
              "blocks.10.mlp",
              0.4308719038963318
            ],
            [
              "blocks.11.mlp",
              0.4644041359424591
            ]
          ]
        ],
        [
          300,
          [
            [
              "blocks.0.mlp",
              0.4920063316822052
            ],
            [
              "blocks.1.mlp",
              0.396954745054245
            ],
            [
              "blocks.2.mlp",
              0.3666931986808777
            ],
            [
              "blocks.3.mlp",
              0.36646050214767456
            ],
            [
              "blocks.4.mlp",
              0.38066166639328003
            ],
            [
              "blocks.5.mlp",
              0.4023571014404297
            ],
            [
              "blocks.6.mlp",
              0.42014944553375244
            ],
            [
              "blocks.7.mlp",
              0.4258328676223755
            ],
            [
              "blocks.8.mlp",
              0.43291112780570984
            ],
            [
              "blocks.9.mlp",
              0.4393569529056549
            ],
            [
              "blocks.10.mlp",
              0.4240500330924988
            ],
            [
              "blocks.11.mlp",
              0.452487975358963
            ]
          ]
        ],
        [
          400,
          [
            [
              "blocks.0.mlp",
              0.4953711926937103
            ],
            [
              "blocks.1.mlp",
              0.4049936532974243
            ],
            [
              "blocks.2.mlp",
              0.34789907932281494
            ],
            [
              "blocks.3.mlp",
              0.34370535612106323
            ],
            [
              "blocks.4.mlp",
              0.36263057589530945
            ],
            [
              "blocks.5.mlp",
              0.3916706442832947
            ],
            [
              "blocks.6.mlp",
              0.41569775342941284
            ],
            [
              "blocks.7.mlp",
              0.4224391281604767
            ],
            [
              "blocks.8.mlp",
              0.42775747179985046
            ],
            [
              "blocks.9.mlp",
              0.4392867088317871
            ],
            [
              "blocks.10.mlp",
              0.42289963364601135
            ],
            [
              "blocks.11.mlp",
              0.45915740728378296
            ]
          ]
        ],
        [
          500,
          [
            [
              "blocks.0.mlp",
              0.4972364902496338
            ],
            [
              "blocks.1.mlp",
              0.4221370816230774
            ],
            [
              "blocks.2.mlp",
              0.3525474965572357
            ],
            [
              "blocks.3.mlp",
              0.33244022727012634
            ],
            [
              "blocks.4.mlp",
              0.34972020983695984
            ],
            [
              "blocks.5.mlp",
              0.38179704546928406
            ],
            [
              "blocks.6.mlp",
              0.4088323712348938
            ],
            [
              "blocks.7.mlp",
              0.4218122065067291
            ],
            [
              "blocks.8.mlp",
              0.4295671582221985
            ],
            [
              "blocks.9.mlp",
              0.43898069858551025
            ],
            [
              "blocks.10.mlp",
              0.42386889457702637
            ],
            [
              "blocks.11.mlp",
              0.4616768956184387
            ]
          ]
        ],
        [
          600,
          [
            [
              "blocks.0.mlp",
              0.49628952145576477
            ],
            [
              "blocks.1.mlp",
