{
  "xglu_s1t0_dual_muon": [
    {
      "val_loss": [
        [
          0,
          262.3478759765625
        ],
        [
          100,
          40.98499298095703
        ],
        [
          200,
          29.849256324768067
        ],
        [
          300,
          19.284275245666503
        ],
        [
          400,
          12.920329904556274
        ],
        [
          500,
          10.30368070602417
        ],
        [
          600,
          8.995738983154297
        ],
        [
          700,
          8.471142268180847
        ],
        [
          800,
          8.207244062423706
        ],
        [
          900,
          7.992127895355225
        ],
        [
          999,
          7.989733123779297
        ]
      ],
      "trilu_params": [],
      "dead_zones": [
        [
          0,
          [
            [
              "blocks.0.mlp",
              0.0015851259231567383
            ],
            [
              "blocks.1.mlp",
              0.0015621781349182129
            ],
            [
              "blocks.2.mlp",
              0.0015629827976226807
            ],
            [
              "blocks.3.mlp",
              0.0015802085399627686
            ],
            [
              "blocks.4.mlp",
              0.001559525728225708
            ],
            [
              "blocks.5.mlp",
              0.001550137996673584
            ],
            [
              "blocks.6.mlp",
              0.0015578269958496094
            ],
            [
              "blocks.7.mlp",
              0.0015482008457183838
            ],
            [
              "blocks.8.mlp",
              0.0015758872032165527
            ],
            [
              "blocks.9.mlp",
              0.001567155122756958
            ],
            [
              "blocks.10.mlp",
              0.001565486192703247
            ],
            [
              "blocks.11.mlp",
              0.0015576481819152832
            ]
          ]
        ],
        [
          100,
          [
            [
              "blocks.0.mlp",
              0.0014920532703399658
            ],
            [
              "blocks.1.mlp",
              0.0014862418174743652
            ],
            [
              "blocks.2.mlp",
              0.0014843940734863281
            ],
            [
              "blocks.3.mlp",
              0.0014687180519104004
            ],
            [
              "blocks.4.mlp",
              0.0014007091522216797
            ],
            [
              "blocks.5.mlp",
              0.0014471113681793213
            ],
            [
              "blocks.6.mlp",
              0.0013174116611480713
            ],
            [
              "blocks.7.mlp",
              0.0013315081596374512
            ],
            [
              "blocks.8.mlp",
              0.0011616647243499756
            ],
            [
              "blocks.9.mlp",
              0.0012340247631072998
            ],
            [
              "blocks.10.mlp",
              0.0014198720455169678
            ],
            [
              "blocks.11.mlp",
              0.0011914372444152832
            ]
          ]
        ],
        [
          200,
          [
            [
              "blocks.0.mlp",
              0.0012929141521453857
            ],
            [
              "blocks.1.mlp",
              0.0015130043029785156
            ],
            [
              "blocks.2.mlp",
              0.001538991928100586
            ],
            [
              "blocks.3.mlp",
              0.0014558732509613037
            ],
            [
              "blocks.4.mlp",
              0.0013689696788787842
            ],
            [
              "blocks.5.mlp",
              0.0013588368892669678
            ],
            [
              "blocks.6.mlp",
              0.0013191401958465576
            ],
            [
              "blocks.7.mlp",
              0.001420050859451294
            ],
            [
              "blocks.8.mlp",
              0.0011157691478729248
            ],
            [
              "blocks.9.mlp",
              0.001207590103149414
            ],
            [
              "blocks.10.mlp",
              0.0012895762920379639
            ],
            [
              "blocks.11.mlp",
              0.001252681016921997
            ]
          ]
        ],
        [
          300,
          [
            [
              "blocks.0.mlp",
              0.0011312663555145264
            ],
            [
              "blocks.1.mlp",
              0.0017244517803192139
            ],
            [
              "blocks.2.mlp",
              0.0015148818492889404
            ],
            [
              "blocks.3.mlp",
              0.0012771189212799072
            ],
            [
              "blocks.4.mlp",
              0.0011868476867675781
            ],
            [
              "blocks.5.mlp",
              0.0012397468090057373
            ],
            [
              "blocks.6.mlp",
              0.001180410385131836
            ],
            [
              "blocks.7.mlp",
              0.0011666417121887207
            ],
            [
              "blocks.8.mlp",
              0.0011396408081054688
            ],
            [
              "blocks.9.mlp",
              0.001117706298828125
            ],
            [
              "blocks.10.mlp",
              0.001077800989151001
            ],
            [
              "blocks.11.mlp",
              0.0009933412075042725
            ]
          ]
        ],
        [
          400,
          [
            [
              "blocks.0.mlp",
              0.0010861456394195557
            ],
            [
              "blocks.1.mlp",
              0.0019546151161193848
            ],
            [
              "blocks.2.mlp",
              0.001539379358291626
            ],
            [
              "blocks.3.mlp",
              0.0011993944644927979
            ],
            [
              "blocks.4.mlp",
              0.0010815262794494629
            ],
            [
              "blocks.5.mlp",
              0.0011250674724578857
            ],
            [
              "blocks.6.mlp",
              0.001242607831954956
            ],
            [
              "blocks.7.mlp",
              0.001217275857925415
            ],
            [
              "blocks.8.mlp",
              0.0008985400199890137
            ],
            [
              "blocks.9.mlp",
              0.0012157261371612549
            ],
            [
              "blocks.10.mlp",
              0.0013955235481262207
            ],
            [
              "blocks.11.mlp",
              0.001314312219619751
            ]
          ]
        ],
        [
          500,
          [
            [
              "blocks.0.mlp",
              0.0010262727737426758
            ],
            [
              "blocks.1.mlp",
              0.0020279884338378906
            ],
            [
              "blocks.2.mlp",
              0.0016079246997833252
            ],
            [
              "blocks.3.mlp",
              0.0011205971240997314
            ],
            [
              "blocks.4.mlp",
              0.0010414719581604004
            ],
            [
              "blocks.5.mlp",
              0.0010411739349365234
            ],
            [
              "blocks.6.mlp",
              0.0013359785079956055
            ],
            [
              "blocks.7.mlp",
              0.001152724027633667
            ],
            [
              "blocks.8.mlp",
              0.0008869767189025879
            ],
            [
              "blocks.9.mlp",
              0.0012590885162353516
            ],
            [
              "blocks.10.mlp",
              0.0012864768505096436
            ],
            [
              "blocks.11.mlp",
              0.0013431906700134277
            ]
          ]
