{
  "eluquad_muon": [
    {
      "val_loss": [
        [
          0,
          346.81871795654297
        ],
        [
          100,
          39.74190769195557
        ],
        [
          200,
          27.382683563232423
        ],
        [
          300,
          17.258673095703124
        ],
        [
          400,
          11.58243350982666
        ],
        [
          500,
          9.599309492111207
        ],
        [
          600,
          8.508547687530518
        ],
        [
          700,
          8.070222997665406
        ],
        [
          800,
          7.84549388885498
        ],
        [
          900,
          7.680542206764221
        ],
        [
          999,
          7.6873612880706785
        ]
      ],
      "trilu_params": [],
      "dead_zones": [
        [
          0,
          [
            [
              "blocks.0.mlp",
              0.00013816356658935547
            ],
            [
              "blocks.1.mlp",
              0.00013655424118041992
            ],
            [
              "blocks.2.mlp",
              0.00013832251715939492
            ],
            [
              "blocks.3.mlp",
              0.0001390377728966996
            ],
            [
              "blocks.4.mlp",
              0.00013679265975952148
            ],
            [
              "blocks.5.mlp",
              0.00013466677046380937
            ],
            [
              "blocks.6.mlp",
              0.0001371304242638871
            ],
            [
              "blocks.7.mlp",
              0.0001390377728966996
            ],
            [
              "blocks.8.mlp",
              0.00014142195868771523
            ],
            [
              "blocks.9.mlp",
              0.00013985237455926836
            ],
            [
              "blocks.10.mlp",
              0.00013685226440429688
            ],
            [
              "blocks.11.mlp",
              0.00013806423521600664
            ]
          ]
        ],
        [
          100,
          [
            [
              "blocks.0.mlp",
              0.00013234218931756914
            ],
            [
              "blocks.1.mlp",
              0.00013297796249389648
            ],
            [
              "blocks.2.mlp",
              0.0001332362589892
            ],
            [
              "blocks.3.mlp",
              0.00013210377073846757
            ],
            [
              "blocks.4.mlp",
              0.00013498465705197304
            ],
            [
              "blocks.5.mlp",
              0.00013122956443112344
            ],
            [
              "blocks.6.mlp",
              0.00013637542724609375
            ],
            [
              "blocks.7.mlp",
              0.00012155374133726582
            ],
            [
              "blocks.8.mlp",
              0.0001331766543444246
            ],
            [
              "blocks.9.mlp",
              0.00011972586798947304
            ],
            [
              "blocks.10.mlp",
              0.0001378456800011918
            ],
            [
              "blocks.11.mlp",
              0.00013413032866083086
            ]
          ]
        ],
        [
          200,
          [
            [
              "blocks.0.mlp",
              0.00011533498764038086
            ],
            [
              "blocks.1.mlp",
              0.00012117624282836914
            ],
            [
              "blocks.2.mlp",
              0.0001308719365624711
            ],
            [
              "blocks.3.mlp",
              0.00012373924255371094
            ],
            [
              "blocks.4.mlp",
              0.0001270572392968461
            ],
            [
              "blocks.5.mlp",
              0.00013113021850585938
            ],
            [
              "blocks.6.mlp",
              0.00012828907347284257
            ],
            [
              "blocks.7.mlp",
              0.00012228886771481484
            ],
            [
              "blocks.8.mlp",
              0.00013190507888793945
            ],
            [
              "blocks.9.mlp",
              0.00012250742292962968
            ],
            [
              "blocks.10.mlp",
              0.0001346866338280961
            ],
            [
              "blocks.11.mlp",
              0.0001294811663683504
            ]
          ]
        ],
        [
          300,
          [
            [
              "blocks.0.mlp",
              0.0001016060559777543
            ],
            [
              "blocks.1.mlp",
              0.0001208186149597168
            ],
            [
              "blocks.2.mlp",
              0.00015066067862790078
            ],
            [
              "blocks.3.mlp",
              0.00011261304462095723
            ],
            [
              "blocks.4.mlp",
              0.00011328856635373086
            ],
            [
              "blocks.5.mlp",
              0.00012616316962521523
            ],
            [
              "blocks.6.mlp",
              0.00011793772864621133
            ],
            [
              "blocks.7.mlp",
              0.0001152952536358498
            ],
            [
              "blocks.8.mlp",
              0.00011853377509396523
            ],
            [
              "blocks.9.mlp",
              0.00011734168219845742
            ],
            [
              "blocks.10.mlp",
              0.0001157522201538086
            ],
            [
              "blocks.11.mlp",
              0.00012540817260742188
            ]
          ]
        ],
        [
          400,
          [
            [
              "blocks.0.mlp",
              8.906920993467793e-05
            ],
            [
              "blocks.1.mlp",
              0.00011670589447021484
            ],
            [
              "blocks.2.mlp",
              0.00017545621085446328
            ],
            [
              "blocks.3.mlp",
              0.00010212262714048848
            ],
            [
              "blocks.4.mlp",
              9.572505950927734e-05
            ],
            [
              "blocks.5.mlp",
              0.00010591745376586914
            ],
            [
              "blocks.6.mlp",
              0.0001098314969567582
            ],
            [
              "blocks.7.mlp",
              0.00010657310485839844
            ],
            [
              "blocks.8.mlp",
              0.00012544791388791054
            ],
            [
              "blocks.9.mlp",
              0.00011754035949707031
            ],
            [
              "blocks.10.mlp",
              0.00012809038162231445
            ],
            [
              "blocks.11.mlp",
              0.0001149574964074418
            ]
          ]
        ],
        [
          500,
          [
            [
              "blocks.0.mlp",
              7.877747702877969e-05
            ],
            [
              "blocks.1.mlp",
              0.00010699033737182617
            ],
            [
              "blocks.2.mlp",
              0.00018274784088134766
            ],
            [
              "blocks.3.mlp",
              0.00010110934817930683
            ],
            [
              "blocks.4.mlp",
              9.224812674801797e-05
            ],
            [
              "blocks.5.mlp",
              0.00010228157043457031
            ],
            [
              "blocks.6.mlp",
              9.955962741514668e-05
            ],
            [
              "blocks.7.mlp",
              0.00010899703192990273
            ],
            [
              "blocks.8.mlp",
              0.00011340777564328164
            ],
            [
              "blocks.9.mlp",
              0.00011221568274777383
            ],
            [
              "blocks.10.mlp",
              0.00013629595923703164
            ],
            [
              "blocks.11.mlp",
