{
  "xglu_s1t0_muon": [
    {
      "val_loss": [
        [
          0,
          397.7882019042969
        ],
        [
          100,
          77.82515106201171
        ],
        [
          200,
          31.2659049987793
        ],
        [
          300,
          19.49486951828003
        ],
        [
          400,
          12.693645572662353
        ],
        [
          500,
          10.111057615280151
        ],
        [
          600,
          8.833278131484985
        ],
        [
          700,
          8.297810578346253
        ],
        [
          800,
          8.092464923858643
        ],
        [
          900,
          7.891917777061463
        ],
        [
          999,
          7.889970016479492
        ]
      ],
      "trilu_params": [],
      "dead_zones": [
        [
          0,
          [
            [
              "blocks.0.mlp",
              0.0016798973083496094
            ],
            [
              "blocks.1.mlp",
              0.0016706585884094238
            ],
            [
              "blocks.2.mlp",
              0.0016581714153289795
            ],
            [
              "blocks.3.mlp",
              0.001658111810684204
            ],
            [
              "blocks.4.mlp",
              0.0016538798809051514
            ],
            [
              "blocks.5.mlp",
              0.00166282057762146
            ],
            [
              "blocks.6.mlp",
              0.0016640424728393555
            ],
            [
              "blocks.7.mlp",
              0.0016602277755737305
            ],
            [
              "blocks.8.mlp",
              0.001663118600845337
            ],
            [
              "blocks.9.mlp",
              0.001650303602218628
            ],
            [
              "blocks.10.mlp",
              0.0016594529151916504
            ],
            [
              "blocks.11.mlp",
              0.0016571283340454102
            ]
          ]
        ],
        [
          100,
          [
            [
              "blocks.0.mlp",
              0.001578599214553833
            ],
            [
              "blocks.1.mlp",
              0.0015618503093719482
            ],
            [
              "blocks.2.mlp",
              0.0015672147274017334
            ],
            [
              "blocks.3.mlp",
              0.0015448927879333496
            ],
            [
              "blocks.4.mlp",
              0.001531362533569336
            ],
            [
              "blocks.5.mlp",
              0.0014953911304473877
            ],
            [
              "blocks.6.mlp",
              0.001522153615951538
            ],
            [
              "blocks.7.mlp",
              0.0014601051807403564
            ],
            [
              "blocks.8.mlp",
              0.0014255940914154053
            ],
            [
              "blocks.9.mlp",
              0.0014310479164123535
            ],
            [
              "blocks.10.mlp",
              0.0014554858207702637
            ],
            [
              "blocks.11.mlp",
              0.0013976693153381348
            ]
          ]
        ],
        [
          200,
          [
            [
              "blocks.0.mlp",
              0.0016320645809173584
            ],
            [
              "blocks.1.mlp",
              0.0014096200466156006
            ],
            [
              "blocks.2.mlp",
              0.0013415515422821045
            ],
            [
              "blocks.3.mlp",
              0.0012604296207427979
            ],
            [
              "blocks.4.mlp",
              0.0011865496635437012
            ],
            [
              "blocks.5.mlp",
              0.001431286334991455
            ],
            [
              "blocks.6.mlp",
              0.001234680414199829
            ],
            [
              "blocks.7.mlp",
              0.0013905167579650879
            ],
            [
              "blocks.8.mlp",
              0.0012049078941345215
            ],
            [
              "blocks.9.mlp",
              0.0013450980186462402
            ],
            [
              "blocks.10.mlp",
              0.0016685426235198975
            ],
            [
              "blocks.11.mlp",
              0.0013712942600250244
            ]
          ]
        ],
        [
          300,
          [
            [
              "blocks.0.mlp",
              0.0015366673469543457
            ],
            [
              "blocks.1.mlp",
              0.0014686286449432373
            ],
            [
              "blocks.2.mlp",
              0.0012985765933990479
            ],
            [
              "blocks.3.mlp",
              0.0011262893676757812
            ],
            [
              "blocks.4.mlp",
              0.001074075698852539
            ],
            [
              "blocks.5.mlp",
              0.0012898147106170654
            ],
            [
              "blocks.6.mlp",
              0.001444995403289795
            ],
            [
              "blocks.7.mlp",
              0.001416236162185669
            ],
            [
              "blocks.8.mlp",
              0.0011007487773895264
            ],
            [
              "blocks.9.mlp",
              0.001712888479232788
            ],
            [
              "blocks.10.mlp",
              0.0010837018489837646
            ],
            [
              "blocks.11.mlp",
              0.0014562606811523438
            ]
          ]
        ],
        [
          400,
          [
            [
              "blocks.0.mlp",
              0.001472175121307373
            ],
            [
              "blocks.1.mlp",
              0.0016182661056518555
            ],
            [
              "blocks.2.mlp",
              0.0013800561428070068
            ],
            [
              "blocks.3.mlp",
              0.0010654926300048828
            ],
            [
              "blocks.4.mlp",
              0.0009917020797729492
            ],
            [
              "blocks.5.mlp",
              0.0012335777282714844
            ],
            [
              "blocks.6.mlp",
              0.0012841224670410156
            ],
            [
              "blocks.7.mlp",
              0.0014375150203704834
            ],
            [
              "blocks.8.mlp",
              0.0010235309600830078
            ],
            [
              "blocks.9.mlp",
              0.0016897916793823242
            ],
            [
              "blocks.10.mlp",
              0.0015435516834259033
            ],
            [
              "blocks.11.mlp",
              0.0017175078392028809
            ]
          ]
        ],
        [
          500,
          [
            [
              "blocks.0.mlp",
              0.0014192759990692139
            ],
            [
              "blocks.1.mlp",
              0.0015953481197357178
            ],
            [
              "blocks.2.mlp",
              0.0015152990818023682
            ],
            [
              "blocks.3.mlp",
              0.0010228455066680908
            ],
            [
              "blocks.4.mlp",
              0.0009992718696594238
            ],
            [
              "blocks.5.mlp",
              0.0010811984539031982
            ],
            [
              "blocks.6.mlp",
              0.001338660717010498
            ],
            [
              "blocks.7.mlp",
              0.0011011362075805664
            ],
            [
              "blocks.8.mlp",
              0.001110672950744629
            ],
            [
              "blocks.9.mlp",
              0.001548081636428833
            ],
            [
              "blocks.10.mlp",
              0.0015509724617004395
            ],
            [
              "blocks.11.mlp",
              0.0011827647686004639
            ]
          ]
        ],
