{
  "eluquad_muon": [
    {
      "val_loss": [
        [
          0,
          346.96690368652344
        ],
        [
          100,
          52.046134567260744
        ],
        [
          200,
          28.273315811157225
        ],
        [
          300,
          17.471333312988282
        ],
        [
          400,
          11.593489027023315
        ],
        [
          500,
          9.581036186218261
        ],
        [
          600,
          8.497638607025147
        ],
        [
          700,
          8.070077466964722
        ],
        [
          800,
          7.85407783985138
        ],
        [
          900,
          7.6884442329406735
        ],
        [
          999,
          7.69921727180481
        ]
      ],
      "trilu_params": [],
      "dead_zones": [
        [
          0,
          [
            [
              "blocks.0.mlp",
              0.00013772647071164101
            ],
            [
              "blocks.1.mlp",
              0.00013528268027585
            ],
            [
              "blocks.2.mlp",
              0.0001371304242638871
            ],
            [
              "blocks.3.mlp",
              0.0001373887062072754
            ],
            [
              "blocks.4.mlp",
              0.00013963381934445351
            ],
            [
              "blocks.5.mlp",
              0.0001377066073473543
            ],
            [
              "blocks.6.mlp",
              0.00013887882232666016
            ],
            [
              "blocks.7.mlp",
              0.00013736884284298867
            ],
            [
              "blocks.8.mlp",
              0.0001380443572998047
            ],
            [
              "blocks.9.mlp",
              0.00013951461005490273
            ],
            [
              "blocks.10.mlp",
              0.0001409451215295121
            ],
            [
              "blocks.11.mlp",
              0.00013599793601315469
            ]
          ]
        ],
        [
          100,
          [
            [
              "blocks.0.mlp",
              0.00013341507292352617
            ],
            [
              "blocks.1.mlp",
              0.0001334547996520996
            ],
            [
              "blocks.2.mlp",
              0.00013480584311764687
            ],
            [
              "blocks.3.mlp",
              0.00013248126197140664
            ],
            [
              "blocks.4.mlp",
              0.0001350840029772371
            ],
            [
              "blocks.5.mlp",
              0.00013426940131466836
            ],
            [
              "blocks.6.mlp",
              0.00013665358710568398
            ],
            [
              "blocks.7.mlp",
              0.00012892484664916992
            ],
            [
              "blocks.8.mlp",
              0.0001314083783654496
            ],
            [
              "blocks.9.mlp",
              0.00012481212615966797
            ],
            [
              "blocks.10.mlp",
              0.00013424953795038164
            ],
            [
              "blocks.11.mlp",
              0.00013097128248773515
            ]
          ]
        ],
        [
          200,
          [
            [
              "blocks.0.mlp",
              0.000125885009765625
            ],
            [
              "blocks.1.mlp",
              0.00012989839888177812
            ],
            [
              "blocks.2.mlp",
              0.00013057391333859414
            ],
            [
              "blocks.3.mlp",
              0.00012413661170285195
            ],
            [
              "blocks.4.mlp",
              0.00012572607374750078
            ],
            [
              "blocks.5.mlp",
              0.00013319651770871133
            ],
            [
              "blocks.6.mlp",
              0.00013669332838617265
            ],
            [
              "blocks.7.mlp",
              0.0001237789838341996
            ],
            [
              "blocks.8.mlp",
              0.00013295809912960976
            ],
            [
              "blocks.9.mlp",
              0.00012191136920591816
            ],
            [
              "blocks.10.mlp",
              0.00012916326522827148
            ],
            [
              "blocks.11.mlp",
              0.0001269976346520707
            ]
          ]
        ],
        [
          300,
          [
            [
              "blocks.0.mlp",
              0.0001206795423058793
            ],
            [
              "blocks.1.mlp",
              0.0001248916087206453
            ],
            [
              "blocks.2.mlp",
              0.0001398921012878418
            ],
            [
              "blocks.3.mlp",
              0.00011940797412535176
            ],
            [
              "blocks.4.mlp",
              0.00012753407645504922
            ],
            [
              "blocks.5.mlp",
              0.0001377860753564164
            ],
            [
              "blocks.6.mlp",
              0.00012894472456537187
            ],
            [
              "blocks.7.mlp",
              0.00012576580047607422
            ],
            [
              "blocks.8.mlp",
              0.00013023614883422852
            ],
            [
              "blocks.9.mlp",
              0.00012095769488951191
            ],
            [
              "blocks.10.mlp",
              0.00013283888984005898
            ],
            [
              "blocks.11.mlp",
              0.0001146992071880959
            ]
          ]
        ],
        [
          400,
          [
            [
              "blocks.0.mlp",
              0.00012137492740293965
            ],
            [
              "blocks.1.mlp",
              0.00012268623686395586
            ],
            [
              "blocks.2.mlp",
              0.00014919042587280273
            ],
            [
              "blocks.3.mlp",
              0.00012393793440423906
            ],
            [
              "blocks.4.mlp",
              0.00011483828711789101
            ],
            [
              "blocks.5.mlp",
              0.00012902419257443398
            ],
            [
              "blocks.6.mlp",
              0.00011879205703735352
            ],
            [
              "blocks.7.mlp",
              0.0001195073127746582
            ],
            [
              "blocks.8.mlp",
              0.00012928247451782227
            ],
            [
              "blocks.9.mlp",
              0.00012079875159543008
            ],
            [
              "blocks.10.mlp",
              0.00013071298599243164
            ],
            [
              "blocks.11.mlp",
              0.00012286505079828203
            ]
          ]
        ],
        [
          500,
          [
            [
              "blocks.0.mlp",
              0.00011761983478209004
            ],
            [
              "blocks.1.mlp",
              0.0001159509047283791
            ],
            [
              "blocks.2.mlp",
              0.00015523037291131914
            ],
            [
              "blocks.3.mlp",
              0.00012125571811338887
            ],
            [
              "blocks.4.mlp",
              0.00011130174243589863
            ],
            [
              "blocks.5.mlp",
              0.00012300412345211953
            ],
            [
              "blocks.6.mlp",
              0.00011241436004638672
            ],
            [
              "blocks.7.mlp",
              0.00010824203491210938
            ],
            [
              "blocks.8.mlp",
              0.000116209193947725
            ],
            [
              "blocks.9.mlp",
              0.00011771917343139648
            ],
            [
              "blocks.10.mlp",
              0.00014038881636224687
            ],
            [
              "blocks.11.mlp",
