{
  "xglu_s1t0_muon": [
    {
      "val_loss": [
        [
          0,
          397.81996154785156
        ],
        [
          100,
          166.934659576416
        ],
        [
          200,
          35.789789009094235
        ],
        [
          300,
          20.987675285339357
        ],
        [
          400,
          13.288940477371217
        ],
        [
          500,
          10.369869232177734
        ],
        [
          600,
          8.990846300125122
        ],
        [
          700,
          8.428055167198181
        ],
        [
          800,
          8.212290000915527
        ],
        [
          900,
          8.01494333744049
        ],
        [
          999,
          8.01554307937622
        ]
      ],
      "trilu_params": [],
      "dead_zones": [
        [
          0,
          [
            [
              "blocks.0.mlp",
              0.0016791224479675293
            ],
            [
              "blocks.1.mlp",
              0.0016761422157287598
            ],
            [
              "blocks.2.mlp",
              0.001656860113143921
            ],
            [
              "blocks.3.mlp",
              0.0016556978225708008
            ],
            [
              "blocks.4.mlp",
              0.0016500353813171387
            ],
            [
              "blocks.5.mlp",
              0.0016719996929168701
            ],
            [
              "blocks.6.mlp",
              0.0016529858112335205
            ],
            [
              "blocks.7.mlp",
              0.001645892858505249
            ],
            [
              "blocks.8.mlp",
              0.0016711950302124023
            ],
            [
              "blocks.9.mlp",
              0.0016549229621887207
            ],
            [
              "blocks.10.mlp",
              0.0016574263572692871
            ],
            [
              "blocks.11.mlp",
              0.0016547441482543945
            ]
          ]
        ],
        [
          100,
          [
            [
              "blocks.0.mlp",
              0.001595914363861084
            ],
            [
              "blocks.1.mlp",
              0.0016117990016937256
            ],
            [
              "blocks.2.mlp",
              0.0015998780727386475
            ],
            [
              "blocks.3.mlp",
              0.0015876293182373047
            ],
            [
              "blocks.4.mlp",
              0.0015892386436462402
            ],
            [
              "blocks.5.mlp",
              0.001569122076034546
            ],
            [
              "blocks.6.mlp",
              0.0015634596347808838
            ],
            [
              "blocks.7.mlp",
              0.001554638147354126
            ],
            [
              "blocks.8.mlp",
              0.0015218257904052734
            ],
            [
              "blocks.9.mlp",
              0.0015230178833007812
            ],
            [
              "blocks.10.mlp",
              0.0015105009078979492
            ],
            [
              "blocks.11.mlp",
              0.0014887452125549316
            ]
          ]
        ],
        [
          200,
          [
            [
              "blocks.0.mlp",
              0.0016152262687683105
            ],
            [
              "blocks.1.mlp",
              0.0015422701835632324
            ],
            [
              "blocks.2.mlp",
              0.0015017390251159668
            ],
            [
              "blocks.3.mlp",
              0.0013891160488128662
            ],
            [
              "blocks.4.mlp",
              0.0013932287693023682
            ],
            [
              "blocks.5.mlp",
              0.001413583755493164
            ],
            [
              "blocks.6.mlp",
              0.0013840198516845703
            ],
            [
              "blocks.7.mlp",
              0.0013913512229919434
            ],
            [
              "blocks.8.mlp",
              0.001351863145828247
            ],
            [
              "blocks.9.mlp",
              0.0014231503009796143
            ],
            [
              "blocks.10.mlp",
              0.0012511610984802246
            ],
            [
              "blocks.11.mlp",
              0.0015766918659210205
            ]
          ]
        ],
        [
          300,
          [
            [
              "blocks.0.mlp",
              0.0016290545463562012
            ],
            [
              "blocks.1.mlp",
              0.00141829252243042
            ],
            [
              "blocks.2.mlp",
              0.001247793436050415
            ],
            [
              "blocks.3.mlp",
              0.0011106431484222412
            ],
            [
              "blocks.4.mlp",
              0.0010868608951568604
            ],
            [
              "blocks.5.mlp",
              0.0012773573398590088
            ],
            [
              "blocks.6.mlp",
              0.001310199499130249
            ],
            [
              "blocks.7.mlp",
              0.0014653503894805908
            ],
            [
              "blocks.8.mlp",
              0.0011773109436035156
            ],
            [
              "blocks.9.mlp",
              0.0012698471546173096
            ],
            [
              "blocks.10.mlp",
              0.0012108385562896729
            ],
            [
              "blocks.11.mlp",
              0.001447051763534546
            ]
          ]
        ],
        [
          400,
          [
            [
              "blocks.0.mlp",
              0.0016359984874725342
            ],
            [
              "blocks.1.mlp",
              0.0014607012271881104
            ],
            [
              "blocks.2.mlp",
              0.0012427270412445068
            ],
            [
              "blocks.3.mlp",
              0.0010645687580108643
            ],
            [
              "blocks.4.mlp",
              0.0011068284511566162
            ],
            [
              "blocks.5.mlp",
              0.0012990236282348633
            ],
            [
              "blocks.6.mlp",
              0.0012221336364746094
            ],
            [
              "blocks.7.mlp",
              0.0013118386268615723
            ],
            [
              "blocks.8.mlp",
              0.0012324750423431396
            ],
            [
              "blocks.9.mlp",
              0.0013479292392730713
            ],
            [
              "blocks.10.mlp",
              0.0011951029300689697
            ],
            [
              "blocks.11.mlp",
              0.0011033117771148682
            ]
          ]
        ],
        [
          500,
          [
            [
              "blocks.0.mlp",
              0.0016261041164398193
            ],
            [
              "blocks.1.mlp",
              0.0014702379703521729
            ],
            [
              "blocks.2.mlp",
              0.0013113021850585938
            ],
            [
              "blocks.3.mlp",
              0.001041710376739502
            ],
            [
              "blocks.4.mlp",
              0.0011119246482849121
            ],
            [
              "blocks.5.mlp",
              0.0012643635272979736
            ],
            [
              "blocks.6.mlp",
              0.0012524425983428955
            ],
            [
              "blocks.7.mlp",
              0.0012887418270111084
            ],
            [
              "blocks.8.mlp",
              0.0012929141521453857
            ],
            [
              "blocks.9.mlp",
              0.0014971792697906494
            ],
            [
              "blocks.10.mlp",
              0.0014175474643707275
            ],
            [
              "blocks.11.mlp",
              0.0014837086200714111
            ]
          ]
