{
  "xglu_s1t0_dual_muon": [
    {
      "val_loss": [
        [
          0,
          262.44207458496095
        ],
        [
          100,
          115.68418502807617
        ],
        [
          200,
          31.54510364532471
        ],
        [
          300,
          19.681771183013915
        ],
        [
          400,
          12.84596881866455
        ],
        [
          500,
          10.161186361312867
        ],
        [
          600,
          8.897147607803344
        ],
        [
          700,
          8.385415720939637
        ],
        [
          800,
          8.160949635505677
        ],
        [
          900,
          7.962749290466308
        ],
        [
          999,
          7.978837633132935
        ]
      ],
      "trilu_params": [],
      "dead_zones": [
        [
          0,
          [
            [
              "blocks.0.mlp",
              0.0015769898891448975
            ],
            [
              "blocks.1.mlp",
              0.0015579164028167725
            ],
            [
              "blocks.2.mlp",
              0.0015689730644226074
            ],
            [
              "blocks.3.mlp",
              0.001577138900756836
            ],
            [
              "blocks.4.mlp",
              0.0015588700771331787
            ],
            [
              "blocks.5.mlp",
              0.0015682876110076904
            ],
            [
              "blocks.6.mlp",
              0.0015611350536346436
            ],
            [
              "blocks.7.mlp",
              0.0015535354614257812
            ],
            [
              "blocks.8.mlp",
              0.0015690326690673828
            ],
            [
              "blocks.9.mlp",
              0.0015582144260406494
            ],
            [
              "blocks.10.mlp",
              0.0015659630298614502
            ],
            [
              "blocks.11.mlp",
              0.001553267240524292
            ]
          ]
        ],
        [
          100,
          [
            [
              "blocks.0.mlp",
              0.001515209674835205
            ],
            [
              "blocks.1.mlp",
              0.0015197694301605225
            ],
            [
              "blocks.2.mlp",
              0.0014951825141906738
            ],
            [
              "blocks.3.mlp",
              0.00149574875831604
            ],
            [
              "blocks.4.mlp",
              0.0014850795269012451
            ],
            [
              "blocks.5.mlp",
              0.0014616847038269043
            ],
            [
              "blocks.6.mlp",
              0.0014561116695404053
            ],
            [
              "blocks.7.mlp",
              0.0014395713806152344
            ],
            [
              "blocks.8.mlp",
              0.0014398694038391113
            ],
            [
              "blocks.9.mlp",
              0.0014313757419586182
            ],
            [
              "blocks.10.mlp",
              0.0014118850231170654
            ],
            [
              "blocks.11.mlp",
              0.00139617919921875
            ]
          ]
        ],
        [
          200,
          [
            [
              "blocks.0.mlp",
              0.001572728157043457
            ],
            [
              "blocks.1.mlp",
              0.0015957951545715332
            ],
            [
              "blocks.2.mlp",
              0.0015763342380523682
            ],
            [
              "blocks.3.mlp",
              0.001486748456954956
            ],
            [
              "blocks.4.mlp",
              0.001376807689666748
            ],
            [
              "blocks.5.mlp",
              0.001444786787033081
            ],
            [
              "blocks.6.mlp",
              0.0013178884983062744
            ],
            [
              "blocks.7.mlp",
              0.001374572515487671
            ],
            [
              "blocks.8.mlp",
              0.0011571049690246582
            ],
            [
              "blocks.9.mlp",
              0.0013492405414581299
            ],
            [
              "blocks.10.mlp",
              0.001429826021194458
            ],
            [
              "blocks.11.mlp",
              0.0010745823383331299
            ]
          ]
        ],
        [
          300,
          [
            [
              "blocks.0.mlp",
              0.0017146468162536621
            ],
            [
              "blocks.1.mlp",
              0.0017975270748138428
            ],
            [
              "blocks.2.mlp",
              0.0016793310642242432
            ],
            [
              "blocks.3.mlp",
              0.0014339089393615723
            ],
            [
              "blocks.4.mlp",
              0.0012288093566894531
            ],
            [
              "blocks.5.mlp",
              0.0013703107833862305
            ],
            [
              "blocks.6.mlp",
              0.0011844038963317871
            ],
            [
              "blocks.7.mlp",
              0.0012823939323425293
            ],
            [
              "blocks.8.mlp",
              0.001175224781036377
            ],
            [
              "blocks.9.mlp",
              0.0011184215545654297
            ],
            [
              "blocks.10.mlp",
              0.0010488033294677734
            ],
            [
              "blocks.11.mlp",
              0.0012835562229156494
            ]
          ]
        ],
        [
          400,
          [
            [
              "blocks.0.mlp",
              0.0017345249652862549
            ],
            [
              "blocks.1.mlp",
              0.0018649399280548096
            ],
            [
              "blocks.2.mlp",
              0.001697152853012085
            ],
            [
              "blocks.3.mlp",
              0.0014202892780303955
            ],
            [
              "blocks.4.mlp",
              0.0012606978416442871
            ],
            [
              "blocks.5.mlp",
              0.0013927817344665527
            ],
            [
              "blocks.6.mlp",
              0.0012116730213165283
            ],
            [
              "blocks.7.mlp",
              0.0011767745018005371
            ],
            [
              "blocks.8.mlp",
              0.0011149942874908447
            ],
            [
              "blocks.9.mlp",
              0.00125962495803833
            ],
            [
              "blocks.10.mlp",
              0.001425236463546753
            ],
            [
              "blocks.11.mlp",
              0.0011997222900390625
            ]
          ]
        ],
        [
          500,
          [
            [
              "blocks.0.mlp",
              0.0017523467540740967
            ],
            [
              "blocks.1.mlp",
              0.0018602311611175537
            ],
            [
              "blocks.2.mlp",
              0.0017372071743011475
            ],
            [
              "blocks.3.mlp",
              0.0014156699180603027
            ],
            [
              "blocks.4.mlp",
              0.0013034939765930176
            ],
            [
              "blocks.5.mlp",
              0.0014020800590515137
            ],
            [
              "blocks.6.mlp",
              0.0011925697326660156
            ],
            [
              "blocks.7.mlp",
              0.0012114346027374268
            ],
            [
              "blocks.8.mlp",
              0.001065075397491455
            ],
            [
              "blocks.9.mlp",
              0.0010773241519927979
            ],
            [
              "blocks.10.mlp",
              0.0009619593620300293
            ],
            [
              "blocks.11.mlp",
              0.001252889633178711
            ]
          ]
