{
  "xglu_s1t0_dual_muon": [
    {
      "val_loss": [
        [
          0,
          262.4102844238281
        ],
        [
          100,
          65.36453132629394
        ],
        [
          200,
          29.29555425643921
        ],
        [
          300,
          19.32592315673828
        ],
        [
          400,
          12.75559687614441
        ],
        [
          500,
          10.118780040740967
        ],
        [
          600,
          8.857673645019531
        ],
        [
          700,
          8.34842414855957
        ],
        [
          800,
          8.109589791297912
        ],
        [
          900,
          7.90523054599762
        ],
        [
          999,
          7.903780579566956
        ]
      ],
      "trilu_params": [],
      "dead_zones": [
        [
          0,
          [
            [
              "blocks.0.mlp",
              0.0015801191329956055
            ],
            [
              "blocks.1.mlp",
              0.0015679001808166504
            ],
            [
              "blocks.2.mlp",
              0.001576066017150879
            ],
            [
              "blocks.3.mlp",
              0.0015735924243927002
            ],
            [
              "blocks.4.mlp",
              0.0015534162521362305
            ],
            [
              "blocks.5.mlp",
              0.0015617012977600098
            ],
            [
              "blocks.6.mlp",
              0.0015714466571807861
            ],
            [
              "blocks.7.mlp",
              0.0015540122985839844
            ],
            [
              "blocks.8.mlp",
              0.0015694499015808105
            ],
            [
              "blocks.9.mlp",
              0.001559227705001831
            ],
            [
              "blocks.10.mlp",
              0.001574188470840454
            ],
            [
              "blocks.11.mlp",
              0.0015673041343688965
            ]
          ]
        ],
        [
          100,
          [
            [
              "blocks.0.mlp",
              0.0015109479427337646
            ],
            [
              "blocks.1.mlp",
              0.0014744102954864502
            ],
            [
              "blocks.2.mlp",
              0.0014879703521728516
            ],
            [
              "blocks.3.mlp",
              0.0014594197273254395
            ],
            [
              "blocks.4.mlp",
              0.0014383792877197266
            ],
            [
              "blocks.5.mlp",
              0.0014147460460662842
            ],
            [
              "blocks.6.mlp",
              0.0014096498489379883
            ],
            [
              "blocks.7.mlp",
              0.0013734400272369385
            ],
            [
              "blocks.8.mlp",
              0.0013487040996551514
            ],
            [
              "blocks.9.mlp",
              0.0013477802276611328
            ],
            [
              "blocks.10.mlp",
              0.0013428926467895508
            ],
            [
              "blocks.11.mlp",
              0.001329869031906128
            ]
          ]
        ],
        [
          200,
          [
            [
              "blocks.0.mlp",
              0.0016342401504516602
            ],
            [
              "blocks.1.mlp",
              0.001755058765411377
            ],
            [
              "blocks.2.mlp",
              0.001704573631286621
            ],
            [
              "blocks.3.mlp",
              0.0015196502208709717
            ],
            [
              "blocks.4.mlp",
              0.0013434290885925293
            ],
            [
              "blocks.5.mlp",
              0.0014121532440185547
            ],
            [
              "blocks.6.mlp",
              0.001317352056503296
            ],
            [
              "blocks.7.mlp",
              0.0013862252235412598
            ],
            [
              "blocks.8.mlp",
              0.0010387599468231201
            ],
            [
              "blocks.9.mlp",
              0.0011916756629943848
            ],
            [
              "blocks.10.mlp",
              0.0013328492641448975
            ],
            [
              "blocks.11.mlp",
              0.001120060682296753
            ]
          ]
        ],
        [
          300,
          [
            [
              "blocks.0.mlp",
              0.00160941481590271
            ],
            [
              "blocks.1.mlp",
              0.0019175410270690918
            ],
            [
              "blocks.2.mlp",
              0.0017691552639007568
            ],
            [
              "blocks.3.mlp",
              0.0015125274658203125
            ],
            [
              "blocks.4.mlp",
              0.0012297332286834717
            ],
            [
              "blocks.5.mlp",
              0.0012925565242767334
            ],
            [
              "blocks.6.mlp",
              0.001322627067565918
            ],
            [
              "blocks.7.mlp",
              0.0014542937278747559
            ],
            [
              "blocks.8.mlp",
              0.001116335391998291
            ],
            [
              "blocks.9.mlp",
              0.0014214515686035156
            ],
            [
              "blocks.10.mlp",
              0.00125083327293396
            ],
            [
              "blocks.11.mlp",
              0.0012732446193695068
            ]
          ]
        ],
        [
          400,
          [
            [
              "blocks.0.mlp",
              0.0015608668327331543
            ],
            [
              "blocks.1.mlp",
              0.002121955156326294
            ],
            [
              "blocks.2.mlp",
              0.0018611550331115723
            ],
            [
              "blocks.3.mlp",
              0.0014925003051757812
            ],
            [
              "blocks.4.mlp",
              0.0012216269969940186
            ],
            [
              "blocks.5.mlp",
              0.001410454511642456
            ],
            [
              "blocks.6.mlp",
              0.0013280510902404785
            ],
            [
              "blocks.7.mlp",
              0.001297682523727417
            ],
            [
              "blocks.8.mlp",
              0.0009627640247344971
            ],
            [
              "blocks.9.mlp",
              0.0012830793857574463
            ],
            [
              "blocks.10.mlp",
              0.0014703869819641113
            ],
            [
              "blocks.11.mlp",
              0.001269698143005371
            ]
          ]
        ],
        [
          500,
          [
            [
              "blocks.0.mlp",
              0.001542896032333374
            ],
            [
              "blocks.1.mlp",
              0.002192288637161255
            ],
            [
              "blocks.2.mlp",
              0.0019853413105010986
            ],
            [
              "blocks.3.mlp",
              0.0014794766902923584
            ],
            [
              "blocks.4.mlp",
              0.001245737075805664
            ],
            [
              "blocks.5.mlp",
              0.0013739168643951416
            ],
            [
              "blocks.6.mlp",
              0.0013370215892791748
            ],
            [
              "blocks.7.mlp",
              0.0013603270053863525
            ],
            [
              "blocks.8.mlp",
              0.0010115504264831543
            ],
            [
              "blocks.9.mlp",
              0.0012524127960205078
            ],
            [
              "blocks.10.mlp",
              0.0010068416595458984
            ],
            [
              "blocks.11.mlp",
              0.001246809959411621
            ]
          ]
        ],
